Country name,Year,Life Ladder,Log GDP per capita,Social support,Healthy life expectancy at birth,Freedom to make life choices,Generosity,Perceptions of corruption,Positive affect,Negative affect,Region,Sub-region
Afghanistan,2008,3.723589897,7.350416183,0.450662315,50.5,0.718114316,0.164055109,0.881686330,0.414297044,0.258195490,Asia,Southern Asia
Afghanistan,2009,4.401778221,7.508646011,0.552308440,50.799999237,0.678896368,0.187296629,0.850035429,0.481421441,0.237092420,Asia,Southern Asia
Afghanistan,2010,4.758380890,7.613899708,0.539075196,51.099998474,0.600127220,0.117860541,0.706766069,0.516906679,0.275323808,Asia,Southern Asia
Afghanistan,2011,3.831719160,7.581258774,0.521103561,51.400001526,0.495901406,0.160098419,0.731108546,0.479834676,0.267174691,Asia,Southern Asia
Afghanistan,2012,3.782937527,7.660505772,0.520636737,51.700000763,0.530935049,0.234157175,0.775619805,0.613512814,0.267919123,Asia,Southern Asia
Afghanistan,2013,3.572100401,7.680333138,0.483551860,52,0.577955365,0.059246484,0.823204100,0.547416985,0.273328096,Asia,Southern Asia
Afghanistan,2014,3.130895615,7.670638084,0.525568426,52.299999237,0.508514047,0.102329925,0.871241987,0.491641015,0.374860734,Asia,Southern Asia
Afghanistan,2015,3.982854605,7.653833389,0.528597236,52.599998474,0.388927579,0.078218274,0.880638301,0.491409957,0.339276046,Asia,Southern Asia
Afghanistan,2016,4.220168591,7.650369644,0.559071779,52.924999237,0.522566199,0.040480144,0.793245554,0.501408756,0.348332286,Asia,Southern Asia
Afghanistan,2017,2.661718130,7.647830486,0.490880072,53.25,0.427010864,-0.122847714,0.954392552,0.435269952,0.371326178,Asia,Southern Asia
Afghanistan,2018,2.694303274,7.630800724,0.507515848,53.575000763,0.373535544,-0.094552390,0.927605689,0.384561479,0.404904395,Asia,Southern Asia
Afghanistan,2019,2.375091791,7.640085697,0.419972867,53.900001526,0.393656164,-0.109457858,0.923849106,0.324107826,0.502473712,Asia,Southern Asia
Afghanistan,2021,2.436034441,7.324500561,0.454174697,54.549999237,0.394305944,-0.084656246,0.946299374,0.178885803,0.606712580,Asia,Southern Asia
Afghanistan,2022,1.281271100,,0.228217229,54.875,0.368377149,,0.733197868,0.205867782,0.575511873,Asia,Southern Asia
Afghanistan,2023,1.445908546,,0.368478119,55.200000763,0.228301197,,0.738470912,0.260513246,0.460166872,Asia,Southern Asia
Albania,2007,4.634251595,9.121521950,0.821371615,66.760002136,0.528604746,-0.013059232,0.874699533,0.488818616,0.246335030,Europe,Southern Europe
Albania,2009,5.485469818,9.241248131,0.833046615,67.319999695,0.525223255,-0.161825195,0.863665402,0.564474463,0.279256523,Europe,Southern Europe
Albania,2010,5.268936634,9.282611847,0.733152270,67.599998474,0.568958402,-0.176219359,0.726261675,0.576076567,0.300060242,Europe,Southern Europe
Albania,2011,5.867421627,9.310437202,0.759433806,67.879997253,0.487496257,-0.208715081,0.877002597,0.565758884,0.256576508,Europe,Southern Europe
Albania,2012,5.510124207,9.326161385,0.784501791,68.160003662,0.601512134,-0.172988042,0.847675204,0.553473175,0.271393239,Europe,Southern Europe
Albania,2013,4.550647736,9.337964058,0.759476721,68.440002441,0.631830275,-0.131339297,0.862904966,0.540750980,0.338378578,Europe,Southern Europe
Albania,2014,4.813763142,9.357623100,0.625586927,68.720001221,0.734648407,-0.028801160,0.882704437,0.572945058,0.334542662,Europe,Southern Europe
Albania,2015,4.606650829,9.382479668,0.639356136,69,0.703850687,-0.084981859,0.884793043,0.579071701,0.350426674,Europe,Southern Europe
Albania,2016,4.511100769,9.416690826,0.638411462,69.025001526,0.729818940,-0.021135902,0.901070774,0.567079723,0.321705997,Europe,Southern Europe
Albania,2017,4.639548302,9.454931259,0.637698293,69.050003052,0.749611020,-0.032957178,0.876134634,0.547240436,0.333884120,Europe,Southern Europe
Albania,2018,5.004402637,9.496805191,0.683591664,69.074996948,0.824212313,0.004768581,0.899129391,0.592044652,0.318996727,Europe,Southern Europe
Albania,2019,4.995317936,9.521727562,0.686364889,69.099998474,0.777351439,-0.103325039,0.914284289,0.548189282,0.273827374,Europe,Southern Europe
Albania,2020,5.364909649,9.493891716,0.710115016,69.125,0.753671050,0.001558620,0.891358972,0.563486159,0.265066117,Europe,Southern Europe
Albania,2021,5.255481720,9.588499069,0.701882780,69.150001526,0.827452719,0.038602885,0.896126628,0.553830087,0.253654480,Europe,Southern Europe
Albania,2022,5.212213039,9.648702621,0.724089622,69.175003052,0.802249789,-0.069952033,0.845501959,0.547125936,0.254825532,Europe,Southern Europe
Albania,2023,5.444690704,9.688706398,0.690752625,69.199996948,0.871545494,0.067885302,0.855425060,0.597349286,0.314227134,Europe,Southern Europe
Algeria,2010,5.463566780,9.306354523,,65.5,0.592695832,-0.212297350,0.618037879,,,Africa,Northern Africa
Algeria,2011,5.317194462,9.315958023,0.810234487,65.599998474,0.529561281,-0.187623620,0.637981653,0.502736270,0.254896641,Africa,Northern Africa
Algeria,2012,5.604595661,9.329961777,0.839396894,65.699996948,0.586663485,-0.179102853,0.690116346,0.540058553,0.229715660,Africa,Northern Africa
Algeria,2014,6.354898453,9.355415344,0.818189442,65.900001526,,,,0.558359206,0.176866099,Africa,Northern Africa
Algeria,2016,5.340853691,9.383312225,0.748588264,66.099998474,,,,0.565025926,0.377111971,Africa,Northern Africa
Algeria,2017,5.248912334,9.376658440,0.806753874,66.199996948,0.436670482,-0.173977047,0.699774206,0.554528713,0.288710028,Africa,Northern Africa
Algeria,2018,5.043086052,9.369553566,0.798651338,66.300003052,0.583380580,-0.153069481,0.758704126,0.533724844,0.292945564,Africa,Northern Africa
Algeria,2019,4.744627476,9.361109734,0.803258657,66.400001526,0.385083437,-0.002246460,0.740609348,0.544427812,0.215197757,Africa,Northern Africa
Algeria,2020,5.437755108,9.291438103,0.867648900,66.5,0.573890686,-0.123700030,0.724263668,0.524169207,0.310629755,Africa,Northern Africa
Algeria,2021,5.217017651,9.308296204,0.840710282,66.599998474,0.558486938,-0.115956970,0.711900055,0.498022288,0.257779151,Africa,Northern Africa
Algeria,2022,5.538172245,9.322542191,0.783400893,66.699996948,0.439970732,-0.044912420,0.611082911,0.583429337,0.258595824,Africa,Northern Africa
Angola,2011,5.589000702,8.944195747,0.723094344,51.220001221,0.583701789,0.049890600,0.911320329,0.666832566,0.361063153,Africa,Sub-Saharan Africa
Angola,2012,4.360249996,8.988576889,0.752592862,51.840000153,0.456028581,-0.141335502,0.906300485,0.590808213,0.304890066,Africa,Sub-Saharan Africa
Angola,2013,3.937106848,8.999579430,0.721590757,52.459999084,0.409554869,-0.108695149,0.816375494,0.650046706,0.370875001,Africa,Sub-Saharan Africa
Angola,2014,3.794837952,9.009834290,0.754615486,53.080001831,0.374541551,-0.172730431,0.834075630,0.595249414,0.367864132,Africa,Sub-Saharan Africa
Argentina,2006,6.312925339,9.936885834,0.938462794,65.819999695,0.733003676,-0.162121013,0.851799488,0.748283088,0.328230023,Americas,Latin America and the Caribbean
Argentina,2007,6.073158264,10.013071060,0.862205565,65.940002441,0.652832627,-0.146240741,0.881057739,0.749825895,0.279007971,Americas,Latin America and the Caribbean
Argentina,2008,5.961034298,10.042918205,0.892194510,66.059997559,0.678222179,-0.137005702,0.864996254,0.719996989,0.318222284,Americas,Latin America and the Caribbean
Argentina,2009,6.424133301,9.971766472,0.918693185,66.180000305,0.636646450,-0.135176316,0.884742200,0.761589587,0.236901477,Americas,Latin America and the Caribbean
Argentina,2010,6.441067219,10.065660477,0.926798582,66.300003052,0.730258167,-0.131506681,0.854695439,0.765480459,0.210975498,Americas,Latin America and the Caribbean
Argentina,2011,6.775805473,10.112436295,0.889073491,66.419998169,0.815802038,-0.179832309,0.754645705,0.768942535,0.231855154,Americas,Latin America and the Caribbean
Argentina,2012,6.468387127,10.090749741,0.901776373,66.540000916,0.747498393,-0.153441668,0.816546202,0.744064212,0.272219121,Americas,Latin America and the Caribbean
Argentina,2013,6.582260132,10.103326797,0.909874201,66.660003662,0.737250388,-0.135954097,0.822900295,0.766156793,0.254204720,Americas,Latin America and the Caribbean
Argentina,2014,6.671114445,10.066884995,0.917870402,66.779998779,0.745057762,-0.169978485,0.854191601,0.769468009,0.237912863,Americas,Latin America and the Caribbean
Argentina,2015,6.697130680,10.083050728,0.926492274,66.900001526,0.881223679,-0.179678157,0.850906193,0.767845273,0.305354923,Americas,Latin America and the Caribbean
Argentina,2016,6.427221298,10.051456451,0.882819116,66.949996948,0.847702205,-0.197576076,0.850924492,0.731735170,0.311646461,Americas,Latin America and the Caribbean
Argentina,2017,6.039330006,10.068880081,0.906699121,67,0.831966162,-0.191734508,0.841052473,0.715182364,0.291717261,Americas,Latin America and the Caribbean
Argentina,2018,5.792796612,10.032198906,0.899911582,67.050003052,0.845894694,-0.216326356,0.855255246,0.732069910,0.320502073,Americas,Latin America and the Caribbean
Argentina,2019,6.085560799,10.002053261,0.896370530,67.099998474,0.817052603,-0.216646522,0.830459774,0.734905839,0.319054842,Americas,Latin America and the Caribbean
Argentina,2020,5.900567055,9.887622833,0.897103846,67.150001526,0.823391616,-0.130777866,0.815780461,0.679316759,0.342496932,Americas,Latin America and the Caribbean
Argentina,2021,5.908278942,9.977072716,0.882304549,67.199996948,0.819479346,-0.014380322,0.816256702,0.684860051,0.345131576,Americas,Latin America and the Caribbean
Argentina,2022,6.260993481,10.018916130,0.893329561,67.25,0.825188935,-0.130209446,0.810037434,0.724068344,0.284279197,Americas,Latin America and the Caribbean
Argentina,2023,6.393228531,9.993596077,0.892117500,67.300003052,0.831683755,-0.129060909,0.846093535,0.720122218,0.301162183,Americas,Latin America and the Caribbean
Armenia,2006,4.289310932,9.020847321,0.681876779,63.840000153,0.520197809,-0.234901160,0.849513113,0.453417510,0.469418824,Asia,Western Asia
Armenia,2007,4.881515503,9.156567574,0.759644330,64.080001831,0.605410755,-0.254977107,0.817444861,0.453751594,0.411717415,Asia,Western Asia
Armenia,2008,4.651972294,9.230296135,0.709485531,64.319999695,0.462156564,-0.219045147,0.876099229,0.486230165,0.384891808,Asia,Western Asia
Armenia,2009,4.177581787,9.084740639,0.680006921,64.559997559,0.441412747,-0.217770666,0.881887496,0.479002982,0.411279917,Asia,Western Asia
Armenia,2010,4.367811203,9.112593651,0.660342336,64.800003052,0.459256709,-0.179985702,0.890629232,0.436747700,0.426495850,Asia,Western Asia
Armenia,2011,4.260491371,9.164417267,0.705108464,65.040000916,0.464524716,-0.229737729,0.874601007,0.410856694,0.459074080,Asia,Western Asia
Armenia,2012,4.319711685,9.238924980,0.676446438,65.279998779,0.501863778,-0.220027179,0.892544389,0.469874054,0.463855445,Asia,Western Asia
Armenia,2013,4.277191162,9.275876045,0.723260045,65.519996643,0.504081845,-0.200980872,0.899796784,0.502904475,0.449949831,Asia,Western Asia
Armenia,2014,4.453083038,9.315198898,0.738763511,65.760002136,0.506487131,-0.224627823,0.920390487,0.510197997,0.403984338,Asia,Western Asia
Armenia,2015,4.348319530,9.350626945,0.722551048,66,0.551026642,-0.209386602,0.901462197,0.526852846,0.437947720,Asia,Western Asia
Armenia,2016,4.325471878,9.357068062,0.709218323,66.275001526,0.610986948,-0.177760348,0.921421051,0.515989423,0.437227815,Asia,Western Asia
Armenia,2017,4.287736416,9.434254646,0.697924912,66.550003052,0.613697052,-0.154760510,0.864683330,0.552406728,0.437148750,Asia,Western Asia
Armenia,2018,5.062448502,9.490350723,0.814449012,66.824996948,0.807643652,-0.171078265,0.676826358,0.535402834,0.454840273,Asia,Western Asia
Armenia,2019,5.488086700,9.569241524,0.781603873,67.099998474,0.844324112,-0.181429639,0.583472729,0.536562622,0.430463403,Asia,Western Asia
Armenia,2021,5.300568581,9.560512543,0.762044132,67.650001526,0.795169771,-0.158733442,0.705333829,0.565781593,0.477539957,Asia,Western Asia
Armenia,2022,5.381942749,9.682954788,0.811169267,67.925003052,0.789598525,-0.157764032,0.704730451,0.530931175,0.549468338,Asia,Western Asia
Armenia,2023,5.679090023,9.729613304,0.819337785,68.199996948,0.819376290,-0.179444075,0.680708945,0.574716747,0.422630548,Asia,Western Asia
Australia,2005,7.340688229,10.662057877,0.967892170,69.800003052,0.934973300,,0.390415937,0.769770324,0.238012090,Oceania,Australia and New Zealand
Australia,2007,7.285390854,10.694434166,0.965276182,69.959999084,0.890681982,0.341636926,0.512578487,0.762303889,0.215350643,Oceania,Australia and New Zealand
Australia,2008,7.253757477,10.709456444,0.946635187,70.040000916,0.915733337,0.299932748,0.430810511,0.728992283,0.218427315,Oceania,Australia and New Zealand
Australia,2010,7.450047016,10.713648796,0.954519570,70.199996948,0.932058573,0.311334163,0.366127402,0.761715531,0.220073208,Oceania,Australia and New Zealand
Australia,2011,7.405616283,10.723385811,0.967029214,70.279998779,0.944586456,0.363977283,0.381771743,0.724132299,0.195323676,Oceania,Australia and New Zealand
Australia,2012,7.195585728,10.744205475,0.944599032,70.360000610,0.935146272,0.268277258,0.368251741,0.728092372,0.214396909,Oceania,Australia and New Zealand
Australia,2013,7.364169121,10.752454758,0.928205192,70.440002441,0.933379173,0.263427556,0.431539029,0.770147145,0.177142262,Oceania,Australia and New Zealand
Australia,2014,7.288550377,10.763002396,0.923798740,70.519996643,0.922932267,0.313164353,0.442021370,0.739815295,0.245304301,Oceania,Australia and New Zealand
Australia,2015,7.309060574,10.769908905,0.951861560,70.599998474,0.921871006,0.326532662,0.356554389,0.749503672,0.209636971,Oceania,Australia and New Zealand
Australia,2016,7.250080109,10.781229019,0.942334235,70.675003052,0.922315717,0.233216360,0.398545116,0.735895514,0.236085787,Oceania,Australia and New Zealand
Australia,2017,7.257037640,10.787260056,0.949957848,70.75,0.910550177,0.312023610,0.411346525,0.728149831,0.225360975,Oceania,Australia and New Zealand
Australia,2018,7.176993370,10.800652504,0.940137267,70.824996948,0.916028142,0.141161278,0.404647499,0.705982745,0.187456369,Oceania,Australia and New Zealand
Australia,2019,7.233994961,10.807282448,0.942774355,70.900001526,0.917536914,0.115171500,0.430208653,0.726976216,0.202190071,Oceania,Australia and New Zealand
Australia,2020,7.137367725,10.794416428,0.936517000,70.974998474,0.905282974,0.201514840,0.491094828,0.725688934,0.205077678,Oceania,Australia and New Zealand
Australia,2021,7.111598969,10.815255165,0.919755280,71.050003052,0.912402213,0.234270692,0.453676045,0.739800155,0.235314175,Oceania,Australia and New Zealand
Australia,2022,7.034696102,10.839532852,0.941673338,71.125,0.853776991,0.152756467,0.545216978,0.710771859,0.243919715,Oceania,Australia and New Zealand
Australia,2023,7.024582386,10.846433640,0.896460056,71.199996948,0.875768781,0.187309042,0.481580466,0.731053114,0.248162821,Oceania,Australia and New Zealand
Austria,2006,7.122211456,10.836452484,0.936350405,69.5,0.941382349,0.296715409,0.490111172,0.746153116,0.173811689,Europe,Western Europe
Austria,2008,7.180953979,10.881175041,0.934592783,69.699996948,0.879069269,0.285624593,0.613625228,0.716296494,0.173194528,Europe,Western Europe
Austria,2010,7.302678585,10.855983734,0.914193332,69.900001526,0.895979762,0.125214159,0.546144843,0.710301936,0.155792549,Europe,Western Europe
Austria,2011,7.470512867,10.881422043,0.944156826,70,0.939355612,0.125893205,0.702721000,0.672192097,0.145237550,Europe,Western Europe
Austria,2012,7.400688648,10.883644104,0.945142388,70.099998474,0.919703901,0.112118557,0.770585775,0.712149978,0.156674996,Europe,Western Europe
Austria,2013,7.498802662,10.878005028,0.949809194,70.199996948,0.921734452,0.162564397,0.678936899,0.725053191,0.162603319,Europe,Western Europe
Austria,2014,6.949999809,10.876780510,0.898920476,70.300003052,0.885026872,0.111924440,0.566931307,0.720965326,0.170149550,Europe,Western Europe
Austria,2015,7.076447010,10.875664711,0.928110301,70.400001526,0.900305152,0.093210064,0.557479620,0.747707725,0.164469033,Europe,Western Europe
Austria,2016,7.048071861,10.884549141,0.926318586,70.525001526,0.888513982,0.074128650,0.523640990,0.713450849,0.197423846,Europe,Western Europe
Austria,2017,7.293727875,10.899937630,0.906217813,70.650001526,0.890030563,0.127590865,0.518303812,0.698889375,0.180268720,Europe,Western Europe
Austria,2018,7.396001816,10.919031143,0.911668122,70.775001526,0.904111981,0.047986846,0.523060560,0.694627702,0.226058796,Europe,Western Europe
Austria,2019,7.195361137,10.929644585,0.964488804,70.900001526,0.903427660,0.054290283,0.457088888,0.727341115,0.205169737,Europe,Western Europe
Austria,2020,7.213489056,10.858776093,0.924831212,71.025001526,0.911909878,0.004416046,0.463830173,0.716352284,0.206499651,Europe,Western Europe
Austria,2021,7.079640865,10.898980141,0.862975955,71.150001526,0.794845939,0.157758057,0.500808597,0.721865237,0.259080172,Europe,Western Europe
Austria,2022,6.998997211,10.938103676,0.876287401,71.275001526,0.855502605,0.137434915,0.524212122,0.717616439,0.226394817,Europe,Western Europe
Austria,2023,6.635663986,10.930412292,0.874427319,71.400001526,0.874083400,0.209268272,0.529429734,0.712496579,0.239608079,Europe,Western Europe
Azerbaijan,2006,4.727870941,9.154187202,0.854414880,60.580001831,0.771528184,-0.239249572,0.774117172,0.468755603,0.275695145,Asia,Western Asia
Azerbaijan,2007,4.568159580,9.365991592,0.753246784,60.860000610,0.522046328,-0.211112499,0.870909989,0.474291265,0.284357488,Asia,Western Asia
Azerbaijan,2008,4.817189217,9.447179794,0.684267223,61.139999390,0.601043284,-0.033816166,0.715124726,0.560817659,0.226795420,Asia,Western Asia
Azerbaijan,2009,4.573725224,9.515311241,0.735970318,61.419998169,0.498138398,-0.091217078,0.753849745,0.522001684,0.233942479,Asia,Western Asia
Azerbaijan,2010,4.218610764,9.552669525,0.687000990,61.700000763,0.501071095,-0.127726480,0.858346641,0.516271651,0.271873325,Asia,Western Asia
Azerbaijan,2011,4.680469513,9.540638924,0.725193918,61.979999542,0.537484288,-0.110236593,0.795119047,0.521693528,0.258117318,Asia,Western Asia
Azerbaijan,2012,4.910771847,9.548772812,0.761873245,62.259998322,0.598859072,-0.145623028,0.763154805,0.523312867,0.266093403,Asia,Western Asia
Azerbaijan,2013,5.481178284,9.592310905,0.769690156,62.540000916,0.671956956,-0.173443988,0.698819578,0.516089082,0.242455453,Asia,Western Asia
Azerbaijan,2014,5.251530170,9.606963158,0.799433351,62.819999695,0.732772946,-0.213816494,0.653845310,0.502086222,0.219982117,Asia,Western Asia
Azerbaijan,2015,5.146774769,9.605931282,0.785702765,63.099998474,0.764289498,-0.203404874,0.615552545,0.520429969,0.206114277,Asia,Western Asia
Azerbaijan,2016,5.303894997,9.563261986,0.777271032,63.224998474,0.712573171,-0.209799886,0.606770813,0.508836508,0.191117197,Asia,Western Asia
Azerbaijan,2017,5.152279377,9.555447578,0.787039399,63.349998474,0.731030464,-0.230797321,0.652539015,0.511526883,0.198318660,Asia,Western Asia
Azerbaijan,2018,5.167995453,9.561672211,0.781229913,63.474998474,0.772449255,-0.237282962,0.561206281,0.527072668,0.191391662,Asia,Western Asia
Azerbaijan,2019,5.173389435,9.577898979,0.886756420,63.599998474,0.854248524,-0.220026985,0.457260668,0.576897144,0.163920254,Asia,Western Asia
Azerbaijan,2022,4.576281548,9.618797302,0.665234566,63.974998474,0.800278306,0.075115576,0.696445882,0.532808185,0.401156694,Asia,Western Asia
Azerbaijan,2023,5.213894844,9.636955261,0.713477850,64.099998474,0.828686178,-0.160170138,0.626640737,0.509061158,0.221318364,Asia,Western Asia
Bahrain,2009,5.700523376,10.713811874,0.904143453,64.760002136,0.895931423,0.031081190,0.506103933,0.707422376,0.421889484,Asia,Western Asia
Bahrain,2010,5.936869144,10.727663994,0.877115071,65,0.862002909,-0.008172389,0.714620173,0.641039014,0.422670722,Asia,Western Asia
Bahrain,2011,4.823976040,10.748598099,0.907867730,65.239997864,0.869870365,-0.061170913,0.582522452,0.505992472,0.513719201,Asia,Western Asia
Bahrain,2012,5.027186871,10.774645805,0.911349595,65.480003357,0.681822896,,0.437915266,0.559415758,0.380814761,Asia,Western Asia
Bahrain,2013,6.689711094,10.797850609,0.883780539,65.720001221,0.809205949,,0.524703264,0.711107612,0.306209415,Asia,Western Asia
Bahrain,2014,6.165133953,10.801980972,,65.959999084,,,,,,Asia,Western Asia
Bahrain,2015,6.007375240,10.788364410,0.852550745,66.199996948,0.849521160,0.105753139,,0.653344750,0.302972108,Asia,Western Asia
Bahrain,2016,6.169673443,10.789036751,0.862700105,66.125,0.888691068,0.081555523,,0.736219883,0.283466339,Asia,Western Asia
Bahrain,2017,6.227320671,10.798134804,0.875747144,66.050003052,0.905858517,0.128364637,,0.754333019,0.289759517,Asia,Western Asia
Bahrain,2019,7.098012447,10.815147400,0.877929449,65.900001526,0.906535506,0.034658972,,0.711386263,0.317106396,Asia,Western Asia
Bahrain,2020,6.173175812,10.778840065,0.847745061,65.824996948,0.945232570,0.115052603,,0.729510307,0.296835452,Asia,Western Asia
Bahrain,2023,5.959068298,10.876857758,0.817477226,65.599998474,0.868560851,0.154635057,,0.670568645,0.335940003,Asia,Western Asia
Bangladesh,2006,4.318909168,7.939726353,0.672002196,59.119998932,0.611664236,0.051904269,0.785916209,0.458654761,0.320792794,Asia,Southern Asia
Bangladesh,2007,4.607322216,7.997421265,0.514170706,59.639999390,0.604538321,0.023823204,0.806116879,0.484255552,0.313138157,Asia,Southern Asia
Bangladesh,2008,5.052278519,8.046941757,0.466553479,60.159999847,0.606012166,-0.060345136,0.801819921,0.544638395,0.231860757,Asia,Southern Asia
Bangladesh,2009,5.082851410,8.087361336,0.527813554,60.680000305,0.630931079,-0.091406956,0.776003957,0.505846858,0.223253846,Asia,Southern Asia
Bangladesh,2010,4.858481407,8.130166054,0.549398482,61.200000763,0.659005642,-0.033089165,0.773530483,0.495740086,0.292425215,Asia,Southern Asia
Bangladesh,2011,4.985649109,8.180617332,0.606459022,61.720001221,0.837995350,-0.086190157,0.757002652,0.501307309,0.234981537,Asia,Southern Asia
Bangladesh,2012,4.724443913,8.231357574,0.581765294,62.240001678,0.667682290,-0.051156636,0.764894426,0.537134707,0.183245391,Asia,Southern Asia
Bangladesh,2013,4.660161018,8.277083397,0.530139685,62.759998322,0.741518021,-0.032282341,0.742774189,0.491930902,0.246052667,Asia,Southern Asia
Bangladesh,2014,4.635564804,8.323469162,0.577065051,63.279998779,0.735512853,-0.114852585,0.789374709,,0.230678365,Asia,Southern Asia
Bangladesh,2015,4.633473873,8.375026703,0.601468265,63.799999237,0.814796269,-0.085095786,0.720600903,0.543083906,0.225753754,Asia,Southern Asia
Bangladesh,2016,4.556140900,8.431437492,0.649116933,63.924999237,0.874700487,-0.105295949,0.687853634,0.436627895,0.235022455,Asia,Southern Asia
Bangladesh,2017,4.309771061,8.482762337,0.712552786,64.050003052,0.896217167,-0.004369633,0.635014474,0.436497033,0.213505760,Asia,Southern Asia
Bangladesh,2018,4.499217033,8.541788101,0.705556035,64.175003052,0.901470840,-0.058901828,0.701421201,0.432964891,0.361237794,Asia,Southern Asia
Bangladesh,2019,5.114216805,8.606523514,0.673172176,64.300003052,0.901936650,-0.066822916,0.656004608,0.432665378,0.369471550,Asia,Southern Asia
Bangladesh,2020,5.279986858,8.628980637,0.739337921,64.425003052,0.777467191,-0.025424831,0.741659164,0.484559894,0.331708789,Asia,Southern Asia
Bangladesh,2021,4.123318672,8.684572220,0.484740287,64.550003052,0.893013358,0.088946044,0.746206582,0.503551364,0.448261052,Asia,Southern Asia
Bangladesh,2022,3.407532215,8.742415428,0.403707534,64.675003052,0.864576280,-0.057563301,0.616872370,0.393517077,0.448060185,Asia,Southern Asia
Bangladesh,2023,4.113548756,8.782783508,0.449802071,64.800003052,0.919209421,0.018997489,0.755618155,0.435327172,0.434581816,Asia,Southern Asia
Belarus,2006,5.657649994,9.489098549,0.917898655,60.060001373,0.707080483,-0.251650542,0.708274722,0.535119176,0.269400358,Europe,Eastern Europe
Belarus,2007,5.616976261,9.576188087,0.857527673,60.619998932,0.667299509,-0.230481893,0.694849432,0.502456009,0.234981403,Europe,Eastern Europe
Belarus,2008,5.463332176,9.676768303,0.903700352,61.180000305,0.639923871,-0.225739762,0.696495950,,0.245659292,Europe,Eastern Europe
Belarus,2009,5.564131260,9.681225777,0.907777846,61.740001678,0.679292619,-0.208717331,0.675543070,0.544300735,0.223291501,Europe,Eastern Europe
Belarus,2010,5.525923252,9.758502007,0.918000162,62.299999237,0.700064421,-0.168346778,0.706120610,0.531847715,0.208272159,Europe,Eastern Europe
Belarus,2011,5.225307941,9.813235283,0.909887791,62.860000610,0.656010866,-0.173767433,0.671938658,0.493381172,0.249455392,Europe,Eastern Europe
Belarus,2012,5.749043465,9.831532478,0.901961505,63.419998169,0.645248830,-0.223155677,0.657430232,0.515112579,0.180764526,Europe,Eastern Europe
Belarus,2013,5.876466274,9.841900826,0.922505975,63.979999542,0.723431289,-0.183382422,0.653039157,0.545432627,0.206219658,Europe,Eastern Europe
Belarus,2014,5.812400818,9.858454704,0.880258858,64.540000916,0.647184551,-0.054183707,0.681508720,0.575067043,0.208535567,Europe,Eastern Europe
Belarus,2015,5.718907833,9.818076134,0.924072623,65.099998474,0.622753441,-0.097301282,0.668678164,0.545734644,0.184309959,Europe,Eastern Europe
Belarus,2016,5.177899361,9.791616440,0.926551104,65.324996948,0.658228815,-0.131470308,0.664055169,0.502697408,0.182106122,Europe,Eastern Europe
Belarus,2017,5.552915096,9.817715645,0.900255799,65.550003052,0.620979249,-0.127593905,0.654113412,0.501735687,0.232768074,Europe,Eastern Europe
Belarus,2018,5.233769894,9.850864410,0.904569268,65.775001526,0.643602371,-0.180581927,0.718455493,0.408883572,0.235728621,Europe,Eastern Europe
Belarus,2019,5.821453094,9.867240906,0.916740477,66,0.656933606,-0.192211419,0.545904756,0.558989465,0.189821407,Europe,Eastern Europe
Belgium,2005,7.262290478,10.743807793,0.934874713,68.400001526,0.923843026,,0.597554445,0.676885664,0.260379940,Europe,Western Europe
Belgium,2007,7.218839645,10.791181564,0.921602786,68.720001221,0.900870383,0.063508436,0.721093476,0.743583977,0.217604309,Europe,Western Europe
Belgium,2008,7.116590977,10.787740707,0.922977030,68.879997253,0.887026727,0.000982332,0.651800513,0.709397256,0.241797924,Europe,Western Europe
Belgium,2010,6.853514194,10.778384209,0.930570185,69.199996948,0.806930244,0.016307479,0.697365582,0.793344319,0.240364328,Europe,Western Europe
Belgium,2011,7.111363888,10.782177925,0.936955452,69.360000610,0.880153596,-0.020142276,0.711043894,0.752021194,0.225056365,Europe,Western Europe
Belgium,2012,6.935122013,10.783341408,0.927117050,69.519996643,0.855266631,-0.056060374,0.757572532,0.718186975,0.238276809,Europe,Western Europe
Belgium,2013,7.103661060,10.783209801,0.909186184,69.680000305,0.890711069,0.010700807,0.573664308,0.738157332,0.217138946,Europe,Western Europe
Belgium,2014,6.855329037,10.794432640,0.943549156,69.839996338,0.860953510,-0.004647197,0.511975765,0.743678153,0.251557052,Europe,Western Europe
Belgium,2015,6.904219151,10.808846474,0.885208845,70,0.869474947,0.056212045,0.468784630,0.747103333,0.239958704,Europe,Western Europe
Belgium,2016,6.948936462,10.816370964,0.928964078,70.150001526,0.865759015,-0.061682250,0.496659100,0.701093376,0.259653389,Europe,Western Europe
Belgium,2017,6.928347588,10.828584671,0.921639085,70.300003052,0.856801987,0.048653286,0.543046057,0.713402271,0.233597696,Europe,Western Europe
Belgium,2018,6.892171860,10.841803551,0.929815531,70.449996948,0.808386624,-0.130479306,0.630411804,0.681712568,0.250297338,Europe,Western Europe
Belgium,2019,6.772138119,10.858762741,0.884230494,70.599998474,0.776203632,-0.177975908,0.672497511,0.699042499,0.243630841,Europe,Western Europe
Belgium,2020,6.838760853,10.799335480,0.903558671,70.75,0.766917825,-0.171890751,0.633626759,0.619125485,0.260188788,Europe,Western Europe
Belgium,2021,6.881756306,10.855599403,0.914856791,70.900001526,0.822503090,0.077355251,0.523367822,0.686583519,0.260030925,Europe,Western Europe
Belgium,2022,6.856874466,10.880984306,0.922732711,71.050003052,0.889889002,0.095051169,0.483384430,0.718479693,0.234773248,Europe,Western Europe
Belgium,2023,6.943598747,10.883184433,0.895955026,71.199996948,0.870200217,0.064940251,0.521571338,0.725244045,0.245495796,Europe,Western Europe
Belize,2007,6.450644493,9.191672325,0.872266650,64.300003052,0.705305934,0.005843545,0.768984437,0.731540143,0.250595719,Americas,Latin America and the Caribbean
Belize,2014,5.955646515,9.135219574,0.756932497,65,0.873569071,-0.001536045,0.782105386,0.735027134,0.281604409,Americas,Latin America and the Caribbean
Benin,2006,3.329801559,7.843532562,0.444781214,51.959999084,0.580069304,-0.014729296,0.789862454,0.520846486,0.309100270,Africa,Sub-Saharan Africa
Benin,2008,3.667139530,7.891244411,0.382373512,52.479999542,0.709476948,-0.007773304,0.825245738,0.573909700,0.302546173,Africa,Sub-Saharan Africa
Benin,2011,3.870279551,7.876235485,0.477494389,53.259998322,0.772918761,-0.145410895,0.849472225,0.574438930,0.218678460,Africa,Sub-Saharan Africa
Benin,2012,3.193468809,7.894076347,0.523027301,53.520000458,0.768971086,-0.114408366,0.805977643,0.563014567,0.230664536,Africa,Sub-Saharan Africa
Benin,2013,3.479412794,7.934523106,0.576823056,53.779998779,0.783240497,-0.087806888,0.855955541,0.645733833,0.216339186,Africa,Sub-Saharan Africa
Benin,2014,3.347419262,7.966898441,0.506091297,54.040000916,0.775545776,-0.098641723,0.854826927,0.558378994,0.273385257,Africa,Sub-Saharan Africa
Benin,2015,3.624664307,7.955011368,0.434388518,54.299999237,0.733383596,-0.029444881,0.850098193,0.554649472,0.373396546,Africa,Sub-Saharan Africa
Benin,2016,4.007357597,7.958364010,0.492815852,54.599998474,0.779795229,-0.067745596,0.837715745,0.578206301,0.455767602,Africa,Sub-Saharan Africa
Benin,2017,4.853180885,7.984066486,0.435878992,54.900001526,0.726808250,-0.067527711,0.767234623,0.597829580,0.457920343,Africa,Sub-Saharan Africa
Benin,2018,5.819827080,8.019667625,0.503544033,55.200000763,0.713264048,-0.000269894,0.746510744,0.625308931,0.467871815,Africa,Sub-Saharan Africa
Benin,2019,4.976360798,8.057199478,0.442153931,55.5,0.770359993,-0.018436283,0.698346972,0.638348281,0.441398770,Africa,Sub-Saharan Africa
Benin,2020,4.407745838,8.066674232,0.506636083,55.799999237,0.783114672,-0.086156644,0.531883657,0.556501985,0.304512441,Africa,Sub-Saharan Africa
Benin,2021,4.493431091,8.108187675,0.435524195,56.099998474,0.724061847,-0.016322508,0.612547100,0.596800864,0.434594899,Africa,Sub-Saharan Africa
Benin,2022,4.217325687,8.141821861,0.365682811,56.400001526,0.714036763,-0.033209149,0.579618931,0.570917666,0.443851084,Africa,Sub-Saharan Africa
Benin,2023,4.419834137,8.173913002,0.398187995,56.700000763,0.785600841,-0.072594620,0.575304806,0.573023438,0.428076893,Africa,Sub-Saharan Africa
Bhutan,2013,5.569091797,9.097064972,0.818948984,62.240001678,0.810201466,0.348954111,0.802428126,0.663675606,0.217349902,Asia,Southern Asia
Bhutan,2014,4.938578129,9.143029213,0.880341947,62.419998169,0.834222496,0.264028728,0.650338471,0.774639130,0.324097872,Asia,Southern Asia
Bhutan,2015,5.082128525,9.197989464,0.847574413,62.599998474,0.830101550,0.273348331,0.633955777,0.723232627,0.311589301,Asia,Southern Asia
Bolivia,2006,5.373986244,8.670664787,0.834279954,60.900001526,0.770134747,-0.048466709,0.794484198,0.708094001,0.431944966,Americas,Latin America and the Caribbean
Bolivia,2007,5.628419399,8.697794914,0.796136498,61.099998474,0.779935241,-0.003597249,0.816993952,0.745734930,0.387786239,Americas,Latin America and the Caribbean
Bolivia,2008,5.297872543,8.740165710,0.785262346,61.299999237,0.725619733,-0.095963754,0.801420391,0.723477721,0.392079622,Americas,Latin America and the Caribbean
Bolivia,2009,6.085579395,8.756053925,0.831319928,61.5,0.778938591,-0.040326852,0.762604535,0.742098808,0.372369289,Americas,Latin America and the Caribbean
Bolivia,2010,5.780620098,8.779529572,0.807185590,61.700000763,0.703341067,-0.072667733,0.781342506,0.720217526,0.349597335,Americas,Latin America and the Caribbean
Bolivia,2011,5.778874397,8.813483238,0.816782832,61.900001526,0.781673729,-0.043374170,0.824854314,0.688715518,0.361485541,Americas,Latin America and the Caribbean
Bolivia,2012,6.018894672,8.846890450,0.780819416,62.099998474,0.862379670,-0.019001685,0.839701414,0.699352384,0.408880144,Americas,Latin America and the Caribbean
Bolivia,2013,5.767428875,8.896345139,0.802738070,62.299999237,0.845931649,-0.070954867,0.811856568,0.721060872,0.410301536,Americas,Latin America and the Caribbean
Bolivia,2014,5.864798546,8.933479309,0.821344614,62.5,0.881058872,0.013756881,0.831854463,0.769011080,0.398219466,Americas,Latin America and the Caribbean
Bolivia,2015,5.834329128,8.965176582,0.828705788,62.700000763,0.883625090,-0.033569381,0.862373948,0.748659253,0.392902851,Americas,Latin America and the Caribbean
Bolivia,2016,5.769723415,8.991458893,0.795958757,62.849998474,0.881748736,-0.050763894,0.852592945,0.735729158,0.376412243,Americas,Latin America and the Caribbean
Bolivia,2017,5.650552750,9.017354012,0.778661788,63,0.883904934,-0.124353066,0.819261968,0.655216575,0.433943540,Americas,Latin America and the Caribbean
Bolivia,2018,5.915734291,9.043848038,0.827159464,63.150001526,0.863246858,-0.096809901,0.786044598,0.705477774,0.387468874,Americas,Latin America and the Caribbean
Bolivia,2019,5.674270630,9.051198006,0.784301400,63.299999237,0.881310940,-0.089567795,0.857220411,0.700826466,0.419328213,Americas,Latin America and the Caribbean
Bolivia,2020,5.559258938,8.946366310,0.804810882,63.450000763,0.877031922,-0.055559989,0.868208289,0.728823423,0.381791174,Americas,Latin America and the Caribbean
Bolivia,2021,5.568624020,8.993698120,0.797810495,63.599998474,0.861731231,-0.058087707,0.812174439,0.721001804,0.403487325,Americas,Latin America and the Caribbean
Bolivia,2022,5.928882122,9.012033463,0.823510289,63.75,0.865010440,-0.082771040,0.840244710,0.738011003,0.425688803,Americas,Latin America and the Caribbean
Bolivia,2023,5.859886169,9.024975777,0.786039412,63.900001526,0.831521213,-0.058520824,0.876588285,0.753396809,0.401113987,Americas,Latin America and the Caribbean
Bosnia and Herzegovina,2007,4.899806976,9.190536499,0.765603840,67,0.341565669,0.005883091,0.926124990,0.570178032,0.296465814,Europe,Southern Europe
Bosnia and Herzegovina,2009,4.963477135,9.246046066,0.735232174,67,0.257533818,-0.027483663,0.958739877,0.506855667,0.390204102,Europe,Southern Europe
Bosnia and Herzegovina,2010,4.668517590,9.272006035,0.772753716,67,0.364966899,-0.130517364,0.933030069,0.464506060,0.409213185,Europe,Southern Europe
Bosnia and Herzegovina,2011,4.994670868,9.299545288,0.725242853,67,0.333312094,-0.037751582,0.924784362,0.551055074,0.325734705,Europe,Southern Europe
Bosnia and Herzegovina,2012,4.773144722,9.309835434,0.778859854,67,0.419789314,-0.015885832,0.953421950,0.468601346,0.338240683,Europe,Southern Europe
Bosnia and Herzegovina,2013,5.123664379,9.348645210,0.766827762,67,0.390341580,0.038655978,0.969836235,0.489300579,0.314516038,Europe,Southern Europe
Bosnia and Herzegovina,2014,5.248954296,9.373052597,0.787651718,67,0.411937386,0.228936791,0.976339638,0.490834683,0.262175202,Europe,Southern Europe
Bosnia and Herzegovina,2015,5.117177963,9.428470612,0.655723631,67,0.630698025,-0.058186617,0.959853649,0.485843688,0.286234140,Europe,Southern Europe
Bosnia and Herzegovina,2016,5.180865288,9.472752571,0.807705104,67.050003052,0.633453727,0.130190253,0.957311988,0.565980375,0.304080278,Europe,Southern Europe
Bosnia and Herzegovina,2017,5.089902401,9.516513824,0.775295258,67.099998474,0.563798666,0.087202974,0.923343062,0.526639640,0.270745516,Europe,Southern Europe
Bosnia and Herzegovina,2018,5.887401104,9.565740585,0.835889578,67.150001526,0.658846438,0.118348844,0.912857771,0.567694068,0.277365059,Europe,Southern Europe
Bosnia and Herzegovina,2019,6.015522480,9.605866432,0.873141944,67.199996948,0.721563220,0.073885210,0.962908030,0.544666409,0.238068551,Europe,Southern Europe
Bosnia and Herzegovina,2020,5.515816212,9.587919235,0.898518682,67.25,0.740250826,0.131949529,0.916052163,0.601870954,0.325412303,Europe,Southern Europe
Bosnia and Herzegovina,2021,5.748823166,9.673637390,0.859953582,67.300003052,0.758979201,0.273763925,0.920913935,0.604092598,0.305352151,Europe,Southern Europe
Bosnia and Herzegovina,2022,5.872055054,9.723370552,0.855961502,67.349998474,0.742652774,0.190595254,0.933476865,0.542543471,0.285396785,Europe,Southern Europe
Bosnia and Herzegovina,2023,6.008581161,9.759161949,0.878786922,67.400001526,0.847237289,0.240803793,0.947699368,0.578550041,0.248722270,Europe,Southern Europe
Botswana,2006,4.739367008,9.494558334,0.883035779,48.840000153,0.823774636,-0.200533777,0.723239183,0.642786026,0.225759342,Africa,Sub-Saharan Africa
Botswana,2008,5.451147079,9.542919159,0.831905305,49.720001221,0.857776403,-0.166702151,0.806226492,0.676590025,0.217885971,Africa,Sub-Saharan Africa
Botswana,2010,3.553020239,9.445678711,0.865624785,50.599998474,0.826219380,-0.140634984,0.813985407,0.616944194,0.172184274,Africa,Sub-Saharan Africa
Botswana,2011,3.519921064,9.491771698,0.860028088,51.040000916,0.812514067,-0.247899964,0.816158473,0.647245646,0.159782797,Africa,Sub-Saharan Africa
Botswana,2012,4.835938931,9.470852852,0.836743116,51.479999542,0.799410224,-0.196959585,0.814422846,0.694941163,0.171257362,Africa,Sub-Saharan Africa
Botswana,2013,4.128298759,9.557082176,0.855570793,51.919998169,0.767357409,-0.147624508,0.748847783,0.670878947,0.243771017,Africa,Sub-Saharan Africa
Botswana,2014,4.031197071,9.593237877,0.859477818,52.360000610,0.791371226,-0.098926321,0.743073821,0.626258194,0.245051414,Africa,Sub-Saharan Africa
Botswana,2015,3.761964798,9.523887634,0.815656066,52.799999237,0.857168913,-0.107627913,0.860292971,0.675721586,0.261428148,Africa,Sub-Saharan Africa
Botswana,2016,3.498936653,9.573143005,0.768302798,53.075000763,0.851694882,-0.245928928,0.729171813,0.657055497,0.251836598,Africa,Sub-Saharan Africa
Botswana,2017,3.504881144,9.592658043,0.768258631,53.349998474,0.817308009,-0.241930425,0.731441498,0.612189233,0.276252508,Africa,Sub-Saharan Africa
Botswana,2018,3.461365700,9.613274574,0.794936001,53.625,0.817621112,-0.248105854,0.806945443,0.687993288,0.267083704,Africa,Sub-Saharan Africa
Botswana,2019,3.471084833,9.623641014,0.773667216,53.900001526,0.832542658,-0.233168274,0.792079508,0.665049851,0.272721767,Africa,Sub-Saharan Africa
Botswana,2022,3.435275078,9.649758339,0.750399292,54.724998474,0.739403069,-0.218454257,0.830940306,0.623351395,0.286919117,Africa,Sub-Saharan Africa
Botswana,2023,3.331647873,9.673301697,0.701358497,55,0.741224110,-0.264173627,0.813935578,0.656547189,0.247490123,Africa,Sub-Saharan Africa
Brazil,2005,6.636771202,9.435151100,0.882922947,63.099998474,0.882186115,,0.744994044,0.769921243,0.301779836,Americas,Latin America and the Caribbean
Brazil,2007,6.320672989,9.511839867,0.886402428,63.419998169,0.776644826,-0.021670189,0.728038490,0.774856150,0.299222767,Americas,Latin America and the Caribbean
Brazil,2008,6.691424847,9.551653862,0.878107548,63.580001831,0.781931102,-0.083113514,0.688272774,0.717656076,0.265485525,Americas,Latin America and the Caribbean
Brazil,2009,7.000831604,9.540863991,0.912818074,63.740001678,0.766716063,-0.060707111,0.722514987,0.743982553,0.274103165,Americas,Latin America and the Caribbean
Brazil,2010,6.837331295,9.604052544,0.905528128,63.900001526,0.805949271,-0.059442099,0.656036079,0.725931287,0.249881223,Americas,Latin America and the Caribbean
Brazil,2011,7.037816525,9.633741379,0.916252911,64.059997559,0.833655775,-0.077810943,0.662166715,0.698406935,0.267524213,Americas,Latin America and the Caribbean
Brazil,2012,6.660003662,9.643767357,0.890314102,64.220001221,0.848606348,,0.622543156,0.685310841,0.349758685,Americas,Latin America and the Caribbean
Brazil,2013,7.140282631,9.664690018,0.910421729,64.379997253,0.784814954,-0.100164481,0.706954181,0.724736154,0.275667757,Americas,Latin America and the Caribbean
Brazil,2014,6.980998993,9.661138535,0.898316443,64.540000916,0.713814318,-0.120650783,0.710303426,0.717960238,0.273540527,Americas,Latin America and the Caribbean
Brazil,2015,6.546896935,9.616577148,0.906693101,64.699996948,0.798935294,-0.021022275,0.771339059,0.687063634,0.324699104,Americas,Latin America and the Caribbean
Brazil,2016,6.374817371,9.575156212,0.912455142,64.875,0.806571543,-0.105772823,0.781092763,0.711286247,0.302083820,Americas,Latin America and the Caribbean
Brazil,2017,6.332929134,9.580375671,0.904694259,65.050003052,0.764792562,-0.180597365,0.794457376,0.669117153,0.307716906,Americas,Latin America and the Caribbean
Brazil,2018,6.190921783,9.590117455,0.881505251,65.224998474,0.750609040,-0.122794770,0.763251305,0.676684558,0.349656254,Americas,Latin America and the Caribbean
Brazil,2019,6.451148987,9.594590187,0.899175048,65.400001526,0.830206037,-0.067816429,0.761840582,0.701250315,0.337051332,Americas,Latin America and the Caribbean
Brazil,2020,6.109717846,9.554622650,0.830832124,65.574996948,0.786235094,-0.060806289,0.728772223,0.653299630,0.389138550,Americas,Latin America and the Caribbean
Brazil,2021,6.009953499,9.598020554,0.814328671,65.75,0.791507721,0.086184427,0.738571405,0.661550403,0.407182962,Americas,Latin America and the Caribbean
Brazil,2022,6.257079601,9.622016907,0.865809739,65.925003052,0.829771340,-0.063893273,0.741963506,0.680912554,0.340775043,Americas,Latin America and the Caribbean
Brazil,2023,6.552690983,9.634684563,0.856452703,66.099998474,0.869661331,-0.036035303,0.732849240,0.694193065,0.312832564,Americas,Latin America and the Caribbean
Bulgaria,2007,3.843797922,9.745569229,0.831507623,64.779998779,0.565786600,-0.145663857,0.976061046,0.500228405,0.226256058,Europe,Eastern Europe
Bulgaria,2010,3.912276268,9.807011604,0.843272030,65.199996948,0.544536412,-0.152965218,0.940970004,0.513383150,0.237594187,Europe,Eastern Europe
Bulgaria,2011,3.875382423,9.834218025,0.860272288,65.339996338,0.663527906,-0.236375868,0.947978675,0.489642143,0.270931035,Europe,Eastern Europe
Bulgaria,2012,4.222297192,9.847531319,0.837966621,65.480003357,0.641256452,-0.180770397,0.938208699,0.509555280,0.236632824,Europe,Eastern Europe
Bulgaria,2013,3.993020535,9.847506523,0.829132318,65.620002747,0.603213370,-0.199144945,0.962047100,0.536720932,0.278313011,Europe,Eastern Europe
Bulgaria,2014,4.438439846,9.862812996,0.885949194,65.760002136,0.575595915,-0.062365212,0.954636931,0.542282879,0.235593721,Europe,Eastern Europe
Bulgaria,2015,4.865401268,9.902899742,0.907517016,65.900001526,0.636817813,-0.207007244,0.941279948,0.555951655,0.214223832,Europe,Eastern Europe
Bulgaria,2016,4.837560654,9.939859390,0.926036060,66,0.700265527,-0.176851079,0.935988188,0.544566214,0.171699852,Europe,Eastern Europe
Bulgaria,2017,5.096901894,9.974410057,0.941754580,66.099998474,0.689047039,-0.160293892,0.910799742,0.541951478,0.188637346,Europe,Eastern Europe
Bulgaria,2018,5.098813534,10.008125305,0.923853278,66.199996948,0.724335909,-0.182064161,0.952014446,0.553910315,0.189090982,Europe,Eastern Europe
Bulgaria,2019,5.108438015,10.054751396,0.948204398,66.300003052,0.821929872,-0.114947274,0.942806482,0.576582789,0.199888319,Europe,Eastern Europe
Bulgaria,2020,5.597723007,10.020362854,0.916242361,66.400001526,0.818224788,-0.012253655,0.900632977,0.642387509,0.221351057,Europe,Eastern Europe
Bulgaria,2021,5.421693325,10.102083206,0.883621037,66.5,0.841188073,-0.017904371,0.891248465,0.646759868,0.252776712,Europe,Eastern Europe
Bulgaria,2022,5.378348827,10.197015762,0.952761054,66.599998474,0.741359413,-0.151569903,0.941625774,0.581908226,0.165301874,Europe,Eastern Europe
Bulgaria,2023,5.589599133,10.272789955,0.934916198,66.699996948,0.754324257,-0.131297529,0.947856188,0.539438784,0.191884160,Europe,Eastern Europe
Burkina Faso,2006,3.801490784,7.327224731,0.796405017,49.439998627,0.588338017,0.026074894,0.797700584,0.677514315,0.265572011,Africa,Sub-Saharan Africa
Burkina Faso,2007,4.017130375,7.337188244,0.770785034,49.880001068,0.582292378,-0.062261336,0.832764924,0.609042525,0.280694842,Africa,Sub-Saharan Africa
Burkina Faso,2008,3.846438885,7.364132404,0.726650596,50.319999695,0.612064183,-0.103037156,0.887124360,0.538071811,0.303892225,Africa,Sub-Saharan Africa
Burkina Faso,2010,4.035560608,7.415699959,0.773103535,51.200000763,0.586580753,-0.038497802,0.767335117,0.564608276,0.216673478,Africa,Sub-Saharan Africa
Burkina Faso,2011,4.785367489,7.450127602,0.709528148,51.639999390,0.724568486,-0.106959395,0.706798375,0.578328431,0.204735845,Africa,Sub-Saharan Africa
Burkina Faso,2012,3.955008030,7.482338905,0.743765771,52.080001831,0.621848702,-0.071973592,0.726286888,0.486566842,0.299722940,Africa,Sub-Saharan Africa
Burkina Faso,2013,3.325949669,7.508564949,0.745216608,52.520000458,0.741257429,-0.018215159,0.764721453,0.592102945,0.286765754,Africa,Sub-Saharan Africa
Burkina Faso,2014,3.481347799,7.521125793,0.742262065,52.959999084,0.709964514,-0.006055626,0.800757825,0.603991866,0.255644113,Africa,Sub-Saharan Africa
Burkina Faso,2015,4.418930054,7.529865265,0.705393493,53.400001526,0.659102738,0.001228763,0.692723989,0.554707587,0.359287649,Africa,Sub-Saharan Africa
Burkina Faso,2016,4.205634594,7.558389664,0.764401138,53.775001526,0.644681513,-0.002879497,0.720542431,0.590086639,0.337300181,Africa,Sub-Saharan Africa
Burkina Faso,2017,4.646891117,7.589920044,0.784761369,54.150001526,0.613774717,-0.065626979,0.727451324,0.579846919,0.353821069,Africa,Sub-Saharan Africa
Burkina Faso,2018,4.927236080,7.626189232,0.664859474,54.525001526,0.720743477,-0.015507361,0.757398605,0.656122029,0.342865527,Africa,Sub-Saharan Africa
Burkina Faso,2019,4.740892887,7.654472828,0.683102369,54.900001526,0.677546859,-0.006531264,0.729396582,0.656233430,0.364775389,Africa,Sub-Saharan Africa
Burkina Faso,2020,4.639639854,7.646704197,0.667708993,55.275001526,0.750226498,0.119574845,0.808745325,0.604512036,0.388477534,Africa,Sub-Saharan Africa
Burkina Faso,2021,4.635508537,7.686983585,0.657543600,55.650001526,0.644101620,0.063950993,0.736158907,0.619715929,0.363105804,Africa,Sub-Saharan Africa
Burkina Faso,2023,4.462207794,7.692993641,0.580303073,56.400001526,0.715367317,0.104911596,0.649692655,0.639460027,0.346472025,Africa,Sub-Saharan Africa
Burundi,2008,3.563227654,6.700229168,0.290933818,49.659999847,0.260069311,-0.022360979,0.859813631,0.415189862,0.252771467,Africa,Sub-Saharan Africa
Burundi,2009,3.791680813,6.686863422,0.325692534,50.279998779,0.427355915,-0.021462269,0.718203425,0.606855750,0.163642839,Africa,Sub-Saharan Africa
Burundi,2011,3.705894232,6.694147110,0.422240019,51.520000458,0.489863038,-0.063365385,0.677107692,0.571715295,0.190344945,Africa,Sub-Saharan Africa
Burundi,2014,2.904535055,6.722984791,0.564678133,53.380001068,0.431384981,-0.059028614,0.807618856,0.621641695,0.251094639,Africa,Sub-Saharan Africa
Burundi,2018,3.775283098,6.607255936,0.484715223,55.200000763,0.646398604,-0.026634101,0.598607659,0.635593653,0.362766594,Africa,Sub-Saharan Africa
Cambodia,2006,3.568744659,7.746443272,0.793081462,57.639999390,,0.250096232,0.829181135,,0.341023296,Asia,South-eastern Asia
Cambodia,2007,4.155971050,7.826251507,0.675132096,57.979999542,0.818699539,0.110562585,0.878507555,,0.320335418,Asia,South-eastern Asia
Cambodia,2008,4.462163925,7.874457359,0.619264305,58.319999695,0.914172947,0.040608004,0.888392031,0.599989057,0.335324019,Asia,South-eastern Asia
Cambodia,2009,4.110625744,7.860245228,0.818258047,58.659999847,0.937233329,0.147660166,0.964778960,0.691364467,0.187686995,Asia,South-eastern Asia
Cambodia,2010,4.141072273,7.903593063,0.697163820,59,0.940131187,0.344960243,0.895714462,0.661971390,0.421966344,Asia,South-eastern Asia
Cambodia,2011,4.161225319,7.957363129,0.715518951,59.340000153,0.927462399,0.413481414,0.775355637,0.637012541,0.307868689,Asia,South-eastern Asia
Cambodia,2012,3.898706913,8.013453484,0.605528593,59.680000305,0.955595791,0.241560802,0.890136123,0.713434279,0.351858586,Asia,South-eastern Asia
Cambodia,2013,3.674466848,8.070134163,0.650589585,60.020000458,0.940592945,0.158509463,0.811991632,0.669755757,0.440311670,Asia,South-eastern Asia
Cambodia,2014,3.883305550,8.125146866,0.693434179,60.360000610,0.937544584,0.233871236,0.842555106,0.681957722,0.481934011,Asia,South-eastern Asia
Cambodia,2015,4.162164688,8.178988457,0.728610277,60.700000763,0.956319809,0.204405278,0.825130224,0.731492698,0.399102688,Asia,South-eastern Asia
Cambodia,2016,4.461259365,8.232682228,0.745901227,60.900001526,0.957821488,0.070266694,0.840416849,0.712588370,0.398200303,Asia,South-eastern Asia
Cambodia,2017,4.585842133,8.287207603,0.765094936,61.099998474,0.963774681,0.081889950,0.821022928,0.668839991,0.408283830,Asia,South-eastern Asia
Cambodia,2018,5.121837616,8.347026825,0.794605374,61.299999237,0.958304822,0.029282020,,0.723344207,0.414345801,Asia,South-eastern Asia
Cambodia,2019,4.998284817,8.403866768,0.759175479,61.5,0.956799209,0.006691447,0.828444481,0.703703225,0.389586300,Asia,South-eastern Asia
Cambodia,2020,4.376985073,8.360816002,0.724422634,61.700000763,0.963075459,0.047209065,0.863053977,0.770770192,0.389851630,Asia,South-eastern Asia
Cambodia,2021,4.555141449,8.378979683,0.712757587,61.900001526,0.965093315,0.011983036,0.844353080,0.759146988,0.391309649,Asia,South-eastern Asia
Cambodia,2022,4.250280857,8.418594360,0.783601880,62.099998474,0.946244061,0.150784791,0.859684169,0.755761087,0.387783885,Asia,South-eastern Asia
Cambodia,2023,4.221345425,8.461865425,0.737613380,62.299999237,0.960692763,0.069959581,0.799151599,0.683386028,0.394301385,Asia,South-eastern Asia
Cameroon,2006,3.851072073,8.089927673,0.689600766,47.840000153,0.653422654,-0.020480869,0.907067657,0.588019311,0.270873696,Africa,Sub-Saharan Africa
Cameroon,2007,4.349939346,8.104486465,0.717394173,48.279998779,0.643883944,-0.042105891,0.910349727,0.629790902,0.248631328,Africa,Sub-Saharan Africa
Cameroon,2008,4.291800499,8.104195595,0.696715772,48.720001221,0.580257237,-0.079203151,0.945002794,0.612912178,0.312484980,Africa,Sub-Saharan Africa
Cameroon,2009,4.741408348,8.101195335,0.728693902,49.159999847,0.698030412,-0.027185762,0.925447285,0.591877580,0.249821514,Africa,Sub-Saharan Africa
Cameroon,2010,4.554256916,8.101261139,0.758640707,49.599998474,0.792220175,-0.007668766,0.874718666,0.593696296,0.273786336,Africa,Sub-Saharan Africa
Cameroon,2011,4.433885098,8.106182098,0.737992823,50.040000916,0.816693783,-0.038277987,0.869615674,0.607725799,0.271676332,Africa,Sub-Saharan Africa
Cameroon,2012,4.244634151,8.123253822,0.742837310,50.479999542,0.766064227,-0.041452084,0.898028791,0.616639733,0.284447879,Africa,Sub-Saharan Africa
Cameroon,2013,4.271038055,8.143866539,0.760194361,50.919998169,0.794075966,-0.039338604,0.867257416,0.639725685,0.268199235,Africa,Sub-Saharan Africa
Cameroon,2014,4.240441322,8.169133186,0.777777076,51.360000610,0.794645548,-0.080033205,0.855849743,0.604288578,0.216039628,Africa,Sub-Saharan Africa
Cameroon,2015,5.037964821,8.192779541,0.646312475,51.799999237,0.791428566,0.040916361,0.868049026,0.623713493,0.346430004,Africa,Sub-Saharan Africa
Cameroon,2016,4.816232204,8.207217216,0.659299791,52.474998474,0.712507010,-0.011576062,0.879450560,0.634631455,0.367093384,Africa,Sub-Saharan Africa
Cameroon,2017,5.074051380,8.213678360,0.694596410,53.150001526,0.766945004,-0.036360420,0.843585610,0.632240534,0.377498746,Africa,Sub-Saharan Africa
Cameroon,2018,5.250737667,8.224833488,0.676825225,53.825000763,0.816304982,0.027834417,0.884441614,0.629664183,0.355642408,Africa,Sub-Saharan Africa
Cameroon,2019,4.936737537,8.231245041,0.710964739,54.5,0.711500287,-0.015118799,0.817170262,0.606392264,0.326395005,Africa,Sub-Saharan Africa
Cameroon,2020,5.241077900,8.206723213,0.720046639,55.174999237,0.674509168,0.041722640,0.836517215,0.626284778,0.386478961,Africa,Sub-Saharan Africa
Cameroon,2021,4.962747574,8.216213226,0.694936395,55.849998474,0.715301752,-0.029174557,0.848717153,0.612028599,0.346513718,Africa,Sub-Saharan Africa
Cameroon,2022,4.712408066,8.225029945,0.629108608,56.525001526,0.674506366,0.022366883,0.849325359,0.585759640,0.362230659,Africa,Sub-Saharan Africa
Cameroon,2023,4.945847034,8.237628937,0.715873539,57.200000763,0.739136577,-0.027583390,0.855074942,0.588308990,0.355630189,Africa,Sub-Saharan Africa
Canada,2005,7.418048382,10.707299232,0.961552441,70.5,0.957306266,0.246242791,0.502681196,0.783298850,0.233278155,Americas,Northern America
Canada,2007,7.481752872,10.733992577,,70.620002747,0.930341303,0.243818983,0.405608416,0.811577201,0.256810069,Americas,Northern America
Canada,2008,7.485603809,10.733157158,0.938707411,70.680000305,0.926314950,0.255926937,0.369587809,0.802223682,0.202174947,Americas,Northern America
Canada,2009,7.487824440,10.692043304,0.942844510,70.739997864,0.915057838,0.240570098,0.412622124,0.793210924,0.247633159,Americas,Northern America
Canada,2010,7.650346279,10.711356163,0.953765452,70.800003052,0.933948815,0.224797651,0.412659585,0.791042447,0.233112857,Americas,Northern America
Canada,2011,7.426053524,10.732544899,0.921669245,70.860000610,0.950925291,0.247491941,0.432991534,0.802899837,0.247728661,Americas,Northern America
Canada,2012,7.415144444,10.739143372,0.948128343,70.919998169,0.917961121,0.284352452,0.465601832,0.775568783,0.229332089,Americas,Northern America
Canada,2013,7.593793869,10.751601219,0.936239362,70.980003357,0.916013896,0.309982091,0.406236142,0.800634027,0.262850314,Americas,Northern America
Canada,2014,7.304257870,10.769844055,0.917836308,71.040000916,0.938897610,0.264188111,0.441735327,0.790682673,0.258602411,Americas,Northern America
Canada,2015,7.412772655,10.768951416,0.939067066,71.099998474,0.931468964,0.247151405,0.427152246,0.791708946,0.286280215,Americas,Northern America
Canada,2016,7.244845867,10.767591476,0.924392521,71.150001526,0.912423909,0.205493033,0.385090441,0.767764688,0.237422869,Americas,Northern America
Canada,2017,7.414868355,10.785542488,0.933748960,71.199996948,0.945145011,0.157329857,0.362034321,0.799357772,0.217981160,Americas,Northern America
Canada,2018,7.175496578,10.798810005,0.922718763,71.25,0.945782900,0.099991746,0.371740848,0.772559404,0.259397656,Americas,Northern America
Canada,2019,7.109076500,10.803153992,0.925303996,71.300003052,0.911525607,0.105329096,0.436434418,0.780721545,0.284833759,Americas,Northern America
Canada,2020,7.024904728,10.740340233,0.930610716,71.349998474,0.886892200,0.042831473,0.434012353,0.738485336,0.306673735,Americas,Northern America
Canada,2021,6.939435482,10.783488274,0.926076412,71.400001526,0.898229182,0.188829497,0.383990496,0.762826681,0.276232809,Americas,Northern America
Canada,2022,6.917935371,10.798652649,0.929101527,71.449996948,0.838263929,0.220141381,0.442000180,0.719482660,0.286747754,Americas,Northern America
Canada,2023,6.841206551,10.794280052,0.902472913,71.5,0.847096443,0.196032763,0.467925131,0.726323426,0.303659618,Americas,Northern America
Central African Republic,2007,4.160129547,6.945773602,0.532296896,41.479999542,0.662871003,0.079134695,0.782130718,0.566929102,0.329995304,Africa,Sub-Saharan Africa
Central African Republic,2010,3.567892551,7.030765533,0.483333886,42.5,0.689950883,-0.036531497,0.845376968,0.477915257,0.256705284,Africa,Sub-Saharan Africa
Central African Republic,2011,3.677826405,7.056532860,0.387390912,42.840000153,0.780017793,-0.015852885,0.834498882,0.501872838,0.277179927,Africa,Sub-Saharan Africa
Central African Republic,2016,2.693061113,6.707346439,0.290184170,44.75,0.624056518,0.033374783,0.859073043,0.550785124,0.494268060,Africa,Sub-Saharan Africa
Central African Republic,2017,3.475862026,6.732925415,0.319589138,45.299999237,0.645252347,0.073952734,0.889566004,0.602205455,0.599335492,Africa,Sub-Saharan Africa
Chad,2006,3.434800625,7.369199753,0.724308193,47.080001831,0.306131899,0.022182750,0.961073756,0.571167529,0.262727261,Africa,Sub-Saharan Africa
Chad,2007,4.141326904,7.367519379,0.478950858,47.459999084,0.294611782,-0.017087676,0.873609602,0.597516537,0.245208368,Africa,Sub-Saharan Africa
Chad,2008,4.632468224,7.363130569,0.570834816,47.840000153,0.526610374,0.057102691,0.943553567,0.569265902,0.225483745,Africa,Sub-Saharan Africa
Chad,2009,3.639445066,7.369256973,0.645713627,48.220001221,0.401370287,0.016038176,0.931180775,0.601492822,0.221047014,Africa,Sub-Saharan Africa
Chad,2010,3.742871046,7.462245941,0.733713627,48.599998474,0.504612565,0.019540451,0.857664049,0.560185730,0.287240535,Africa,Sub-Saharan Africa
Chad,2011,4.393482208,7.428129673,0.818844020,48.979999542,0.540267944,0.025336066,0.876383662,0.578596532,0.289146483,Africa,Sub-Saharan Africa
Chad,2012,4.032974720,7.478353500,0.672866464,49.360000610,0.562908113,-0.039235897,0.884475827,0.498229086,0.315747142,Africa,Sub-Saharan Africa
Chad,2013,3.507663012,7.498218060,0.714144647,49.740001678,0.488210350,-0.050513353,0.881972373,0.437320441,0.314174235,Africa,Sub-Saharan Africa
Chad,2014,3.460182905,7.529241562,0.733066797,50.119998932,0.566795349,-0.074732877,0.880934000,0.523712218,0.328528851,Africa,Sub-Saharan Africa
Chad,2015,4.322675228,7.524701118,0.751252234,50.5,0.474360883,-0.033554900,0.888639390,0.592612624,0.358437926,Africa,Sub-Saharan Africa
Chad,2016,4.029350281,7.428617477,0.616204858,50.875,0.525222123,0.047189847,0.819788873,0.563527167,0.467566758,Africa,Sub-Saharan Africa
Chad,2017,4.558937073,7.365028381,0.660615563,51.25,0.614849687,0.003208776,0.792389929,0.584315419,0.538245440,Africa,Sub-Saharan Africa
Chad,2018,4.486325264,7.354710102,0.577253580,51.625,0.650354564,0.019827008,0.762879312,0.532490015,0.543836236,Africa,Sub-Saharan Africa
Chad,2019,4.250799179,7.353720188,0.640452087,52,0.537245691,0.050811246,0.832283497,0.556210697,0.460061282,Africa,Sub-Saharan Africa
Chad,2022,4.396646023,7.253237247,0.719671786,53.125,0.679479539,0.218081951,0.805424452,0.588191628,0.499192148,Africa,Sub-Saharan Africa
Chad,2023,4.544095516,7.253596783,0.608547866,53.5,0.586063147,0.138054550,0.755027592,0.541471183,0.466506362,Africa,Sub-Saharan Africa
Chile,2006,6.062851906,9.869904518,0.835543633,67.779998779,0.744291902,0.161182940,0.633629858,0.752415180,0.347656876,Americas,Latin America and the Caribbean
Chile,2007,5.697929859,9.910489082,0.814620972,67.959999084,0.661905110,0.236461386,0.722670555,0.708403945,0.342261910,Americas,Latin America and the Caribbean
Chile,2008,5.789438725,9.937674522,0.803758562,68.139999390,0.640201688,0.076158978,0.740667343,0.706395447,0.329703212,Americas,Latin America and the Caribbean
Chile,2009,6.493686199,9.916161537,0.831581831,68.319999695,0.746614039,0.141188860,0.734211445,0.755948484,0.299891174,Americas,Latin America and the Caribbean
Chile,2010,6.635655880,9.962940216,0.856955230,68.5,0.786367476,0.099770650,0.701824725,0.759538412,0.300116688,Americas,Latin America and the Caribbean
Chile,2011,6.526334763,10.013404846,0.819078863,68.680000305,0.700734138,0.103500284,0.752755523,0.757600784,0.316876173,Americas,Latin America and the Caribbean
Chile,2012,6.599128723,10.063391685,0.855235577,68.860000610,0.733610928,0.186461717,0.782117426,0.736138999,0.287592113,Americas,Latin America and the Caribbean
Chile,2013,6.740153790,10.086292267,0.862404704,69.040000916,0.736887336,0.076591611,0.741154909,0.790639281,0.285453886,Americas,Latin America and the Caribbean
Chile,2014,6.844238281,10.093991280,0.861552179,69.220001221,0.733326375,0.208937109,0.758497715,0.799998224,0.276103258,Americas,Latin America and the Caribbean
Chile,2015,6.532749653,10.104988098,0.827141881,69.400001526,0.768881440,0.032290194,0.811511338,0.752153039,0.332746744,Americas,Latin America and the Caribbean
Chile,2016,6.579056263,10.110476494,0.841388166,69.550003052,0.652289748,0.094010539,0.858124971,0.791725159,0.283042103,Americas,Latin America and the Caribbean
Chile,2017,6.320119381,10.108341217,0.879840791,69.699996948,0.790116489,-0.028496502,0.835987508,0.764839888,0.291042089,Americas,Latin America and the Caribbean
Chile,2018,6.436220646,10.129506111,0.890084922,69.849998474,0.788530350,-0.067922011,0.816297412,0.755468130,0.275820225,Americas,Latin America and the Caribbean
Chile,2019,5.942250252,10.118996620,0.869121909,70,0.659176767,-0.110306911,0.860491574,0.740561962,0.337243795,Americas,Latin America and the Caribbean
Chile,2020,6.150642872,10.041968346,0.888412297,70.150001526,0.781383574,0.025615076,0.811818838,0.752884626,0.336028606,Americas,Latin America and the Caribbean
Chile,2021,6.435630798,10.143006325,0.891460538,70.300003052,0.803415060,-0.051669259,0.858552754,0.735079885,0.220878571,Americas,Latin America and the Caribbean
Chile,2022,6.415198803,10.161461830,0.886761963,70.449996948,0.793485582,-0.013632132,0.796396375,0.775208235,0.252545208,Americas,Latin America and the Caribbean
Chile,2023,6.229820251,10.154905319,0.874380529,70.599998474,0.814988375,-0.026870742,0.835945129,0.778553486,0.263090849,Americas,Latin America and the Caribbean
China,2006,4.560495377,8.696139336,0.747011304,65.660003662,,,,0.657658756,0.169580385,Asia,Eastern Asia
China,2007,4.862862110,8.823967934,0.810852408,65.919998169,,-0.181686908,,0.663977444,0.158613518,Asia,Eastern Asia
China,2008,4.846294880,8.910973549,0.748287320,66.180000305,0.853072047,-0.097940996,,0.705133259,0.146963045,Asia,Eastern Asia
China,2009,4.454360962,8.995828629,0.798034370,66.440002441,0.771143258,-0.165975302,,0.669665992,0.161650240,Asia,Eastern Asia
China,2010,4.652736664,9.092073441,0.767752588,66.699996948,0.804793596,-0.138841406,,0.658100963,0.158099651,Asia,Eastern Asia
China,2011,5.037207603,9.177826881,0.787171185,66.959999084,0.824162364,-0.191884726,,0.710054815,0.133503452,Asia,Eastern Asia
China,2012,5.094917297,9.246742249,0.787818193,67.220001221,0.808255136,-0.190065071,,0.689159811,0.158702999,Asia,Eastern Asia
China,2013,5.241090298,9.314874649,0.777895868,67.480003357,0.804723918,-0.163062707,,0.717135847,0.142211050,Asia,Eastern Asia
China,2014,5.195619106,9.380201340,0.820366025,67.739997864,,-0.221989721,,0.709763110,0.111517705,Asia,Eastern Asia
China,2015,5.303877831,9.442431450,0.793733716,68,,-0.249619752,,0.666827261,0.171314985,Asia,Eastern Asia
China,2016,5.324955940,9.502945900,0.741703033,68.125,,-0.232702181,,0.683255911,0.145625159,Asia,Eastern Asia
China,2017,5.099061489,9.564058304,0.772033215,68.25,0.877617598,-0.179998800,,0.681665182,0.214004755,Asia,Eastern Asia
China,2018,5.131433964,9.624698639,0.787605345,68.375,0.895377696,-0.163686261,,0.721578658,0.189639792,Asia,Eastern Asia
China,2019,5.144120216,9.678953171,0.821935892,68.5,0.927356243,-0.178123966,,0.760266900,0.146511838,Asia,Eastern Asia
China,2020,5.771064758,9.698712349,0.808334470,68.625,0.891122997,-0.108709417,,0.662961006,0.244918227,Asia,Eastern Asia
China,2021,5.862864494,9.778915405,0.856006980,68.75,0.874755502,0.019626977,,0.697809815,0.239618436,Asia,Eastern Asia
China,2023,6.144763947,9.860808372,0.796982527,69,0.793378353,-0.031570960,,0.707985163,0.210350052,Asia,Eastern Asia
Colombia,2006,6.024942875,9.277318954,0.910293102,66.319999695,0.804661810,-0.020559410,0.807830036,0.775695443,0.325588256,Americas,Latin America and the Caribbean
Colombia,2007,6.138411522,9.330128670,0.893706799,66.540000916,0.785865963,-0.045971841,0.859760880,0.774423897,0.287090033,Americas,Latin America and the Caribbean
Colombia,2008,6.168395042,9.350756645,0.880066812,66.760002136,0.795083821,-0.047403667,0.763223946,0.767762363,0.307162195,Americas,Latin America and the Caribbean
Colombia,2009,6.271604538,9.350772858,0.885926604,66.980003357,0.757100701,-0.060351674,0.837143481,0.786378622,0.273131490,Americas,Latin America and the Caribbean
Colombia,2010,6.408113480,9.383470535,0.892992675,67.199996948,0.816121101,-0.055076797,0.814524472,0.791580796,0.264659166,Americas,Latin America and the Caribbean
Colombia,2011,6.463952541,9.439705849,0.904147327,67.419998169,0.810907423,-0.078959666,0.847268522,0.784792185,0.285958856,Americas,Latin America and the Caribbean
Colombia,2012,6.374879837,9.467689514,0.914372623,67.639999390,0.827868104,-0.014806001,0.868371546,0.828550577,0.293702394,Americas,Latin America and the Caribbean
Colombia,2013,6.606550694,9.507854462,0.900777876,67.860000610,0.841173172,-0.076198071,0.898202121,0.814823985,0.278113931,Americas,Latin America and the Caribbean
Colombia,2014,6.448789120,9.542390823,0.907402635,68.080001831,0.801191449,-0.095715478,0.886645734,0.824772537,0.278056443,Americas,Latin America and the Caribbean
Colombia,2015,6.387571812,9.562101364,0.889900029,68.300003052,0.790897965,-0.105686396,0.842899323,0.803392112,0.291769385,Americas,Latin America and the Caribbean
Colombia,2016,6.233715057,9.572073936,0.881900370,68.474998474,0.834966123,-0.106113091,0.897553861,0.770469427,0.294222772,Americas,Latin America and the Caribbean
Colombia,2017,6.157341957,9.570453644,0.909249961,68.650001526,0.837554634,-0.162901849,0.875018120,0.790257096,0.299308956,Americas,Latin America and the Caribbean
Colombia,2018,5.983512402,9.576817513,0.870970428,68.824996948,0.850765765,-0.154003009,0.854820907,0.774537921,0.300624102,Americas,Latin America and the Caribbean
Colombia,2019,6.350297928,9.589880943,0.872578919,69,0.821500719,-0.177251473,0.853646159,0.790579498,0.321806282,Americas,Latin America and the Caribbean
Colombia,2020,5.709175110,9.499893188,0.797035217,69.175003052,0.840186119,-0.090607457,0.807964027,0.758542895,0.340158582,Americas,Latin America and the Caribbean
Colombia,2021,5.289958477,9.592960358,0.792830646,69.349998474,0.774668455,-0.065359101,0.831330955,0.751658380,0.348332316,Americas,Latin America and the Caribbean
Colombia,2022,5.891712189,9.658327103,0.876949430,69.525001526,0.799183786,-0.164073959,0.862641215,0.761744440,0.305503905,Americas,Latin America and the Caribbean
Colombia,2023,5.904404163,9.666558266,0.833208442,69.699996948,0.823471069,-0.142464593,0.870226681,0.754103422,0.285416901,Americas,Latin America and the Caribbean
Comoros,2009,3.476027250,7.998597145,0.629426777,56.759998322,0.507845283,-0.082094610,0.838115692,0.626087248,0.167317495,Africa,Sub-Saharan Africa
Comoros,2010,3.812191010,8.014837265,0.721342921,57,0.528675258,-0.003436043,0.741181731,0.664167643,0.177948058,Africa,Sub-Saharan Africa
Comoros,2011,3.838485956,8.034251213,0.721832752,57.240001678,0.499673873,-0.083851740,0.731508493,0.622124016,0.173323005,Africa,Sub-Saharan Africa
Comoros,2012,3.955640316,8.044060707,0.719217896,57.479999542,0.534040928,-0.129967168,0.651009262,0.616151214,0.211843818,Africa,Sub-Saharan Africa
Comoros,2018,3.972819567,8.100110054,0.621302962,58.724998474,0.560182333,0.075484633,0.793758333,0.688426197,0.337493658,Africa,Sub-Saharan Africa
Comoros,2019,4.608616352,8.098840714,0.632012963,58.900001526,0.538261533,0.067343354,0.762232482,0.665162265,0.336162895,Africa,Sub-Saharan Africa
Comoros,2022,3.545203686,8.085107803,0.471820921,59.424999237,0.480553567,-0.018242540,0.732310832,0.602503002,0.351545244,Africa,Sub-Saharan Africa
Comoros,2023,3.588056326,8.094624519,0.482587487,59.599998474,0.452211350,0.004197449,0.704126537,0.535039544,0.404681206,Africa,Sub-Saharan Africa
Congo,2008,3.819792271,8.389738083,0.554771900,52.240001678,0.525746763,-0.125361219,,0.602977395,0.297789842,Africa,Sub-Saharan Africa
Congo,2011,4.509824276,8.502156258,0.637117505,53.380001068,0.744807184,-0.137462452,0.832713723,0.601302743,0.287876040,Africa,Sub-Saharan Africa
Congo,2012,3.919341803,8.569225311,0.622330368,53.759998322,0.772510767,-0.143951237,0.799653709,0.546509743,0.322582960,Africa,Sub-Saharan Africa
Congo,2013,3.954950571,8.538008690,0.679934680,54.139999390,0.725815654,-0.107252538,0.751723707,0.598945916,0.291401565,Africa,Sub-Saharan Africa
Congo,2014,4.056012630,8.579113007,0.685934663,54.520000458,0.661638141,-0.139847323,0.808412731,0.557721436,0.400229424,Africa,Sub-Saharan Africa
Congo,2015,4.690830231,8.519078255,0.642136157,54.900001526,0.850172460,-0.128948465,0.841359496,0.555227578,0.260670513,Africa,Sub-Saharan Africa
Congo,2016,4.119493484,8.381088257,0.615449011,55.224998474,0.785906553,-0.090701230,0.790385723,0.586020231,0.303666711,Africa,Sub-Saharan Africa
Congo,2017,4.883991241,8.312362671,0.655440509,55.549999237,0.777783453,-0.147698149,0.762783110,0.573506653,0.381640553,Africa,Sub-Saharan Africa
Congo,2018,5.490214348,8.239173889,0.620622933,55.875,0.698700070,-0.104898229,0.738020182,0.571407259,0.447646171,Africa,Sub-Saharan Africa
Congo,2019,5.212622643,8.214752197,0.624768078,56.200000763,0.686451972,-0.059419263,0.740589440,0.594482303,0.405040830,Africa,Sub-Saharan Africa
Congo,2020,5.079139233,8.127007484,0.596515119,56.525001526,0.760727525,-0.024262654,0.727796018,0.572090924,0.434675574,Africa,Sub-Saharan Africa
Congo,2021,4.920531273,8.081596375,0.567651093,56.849998474,0.737661481,-0.022623979,0.732729912,0.567556679,0.420455933,Africa,Sub-Saharan Africa
Congo,2022,5.804918766,8.074151993,0.646345079,57.174999237,0.697694480,0.024633087,0.759754062,0.582619011,0.476883620,Africa,Sub-Saharan Africa
Congo,2023,4.953729630,8.086013794,0.560727715,57.5,0.702421248,-0.050732214,0.745044410,0.585092247,0.409167320,Africa,Sub-Saharan Africa
Congo (Democratic Republic Of The),2009,3.983848572,6.699410915,0.733060241,49.400001526,0.556487560,-0.024741407,0.824010491,0.487423629,0.282622427,Africa,Sub-Saharan Africa
Congo (Democratic Republic Of The),2011,4.516963959,6.768578053,0.743946671,50.400001526,0.631108582,-0.028094269,0.856494904,0.564573765,0.208352298,Africa,Sub-Saharan Africa
Congo (Democratic Republic Of The),2012,4.639227390,6.803482056,0.769545972,50.900001526,0.557286203,-0.037327319,0.807406604,0.626130402,0.229651377,Africa,Sub-Saharan Africa
Congo (Democratic Republic Of The),2013,4.497477055,6.850804329,0.829852045,51.400001526,0.480394155,0.009411546,0.912991524,0.555594087,0.187094659,Africa,Sub-Saharan Africa
Congo (Democratic Republic Of The),2014,4.414299965,6.906826973,0.822286069,51.900001526,0.556099296,0.006495448,0.813676000,0.519370258,0.304635078,Africa,Sub-Saharan Africa
Congo (Democratic Republic Of The),2015,3.902741671,6.939807892,0.767235577,52.400001526,0.573763788,-0.050225258,0.866378009,0.537650287,0.301049381,Africa,Sub-Saharan Africa
Congo (Democratic Republic Of The),2016,4.521935463,6.928858280,0.864154518,52.825000763,0.637366712,-0.026901487,0.874999642,0.610230744,0.222411484,Africa,Sub-Saharan Africa
Congo (Democratic Republic Of The),2017,4.311033249,6.931022167,0.669688404,53.25,0.704239547,0.066002920,0.809181869,0.540647209,0.404262066,Africa,Sub-Saharan Africa
Congo (Democratic Republic Of The),2022,3.207196712,7.032319069,0.654081404,55.375,0.664101124,0.080377035,0.835640848,0.563382447,0.461423427,Africa,Sub-Saharan Africa
Congo (Democratic Republic Of The),2023,3.383397579,7.075861931,0.572274745,55.799999237,0.687303185,0.152351975,0.837273300,0.545732021,0.497351319,Africa,Sub-Saharan Africa
Costa Rica,2006,7.082465172,9.606750488,0.936938047,68.559997559,0.882419884,0.051643964,0.797522187,0.815273166,0.235549212,Americas,Latin America and the Caribbean
Costa Rica,2007,7.432132244,9.671673775,0.917678237,68.720001221,0.922735691,0.089156516,0.819655001,0.825872421,0.240080148,Americas,Latin America and the Caribbean
Costa Rica,2008,6.850679874,9.704121590,0.915759027,68.879997253,0.912005961,0.086975835,0.815712631,0.838356972,0.232947230,Americas,Latin America and the Caribbean
Costa Rica,2009,7.614928722,9.681844711,0.899781644,69.040000916,0.886061072,0.056548558,0.786559105,0.839989483,0.217024222,Americas,Latin America and the Caribbean
Costa Rica,2010,7.271053791,9.721186638,0.915141284,69.199996948,0.881029606,0.038452990,0.762587249,0.826531351,0.221241251,Americas,Latin America and the Caribbean
Costa Rica,2011,7.228888512,9.751876831,0.892048180,69.360000610,0.926105797,-0.042061027,0.836583257,0.793523431,0.269225210,Americas,Latin America and the Caribbean
Costa Rica,2012,7.272250175,9.787511826,0.902206898,69.519996643,0.928914070,0.036735523,0.794301391,0.836753607,0.263027132,Americas,Latin America and the Caribbean
Costa Rica,2013,7.158000469,9.800621033,0.902069271,69.680000305,0.897879303,0.008821010,0.812863111,0.808915198,0.278147429,Americas,Latin America and the Caribbean
Costa Rica,2014,7.247086048,9.824480057,0.914211214,69.839996338,0.926707387,0.000320478,0.788037479,0.797013283,0.289528906,Americas,Latin America and the Caribbean
Costa Rica,2015,6.854004383,9.849885941,0.878272951,70,0.906925678,-0.068427615,0.761419415,0.810668409,0.286440313,Americas,Latin America and the Caribbean
Costa Rica,2016,7.135617733,9.880914688,0.900701284,70,0.872971952,-0.041810066,0.780562043,0.830013096,0.281422287,Americas,Latin America and the Caribbean
Costa Rica,2017,7.225181580,9.911863327,0.921697140,70,0.935618460,-0.085839681,0.742350757,0.790628314,0.275440067,Americas,Latin America and the Caribbean
Costa Rica,2018,7.141074657,9.928339958,0.875872433,70,0.941888332,-0.116606459,0.781301796,0.801593184,0.325866640,Americas,Latin America and the Caribbean
Costa Rica,2019,6.997618675,9.943575859,0.906077445,70,0.926830113,-0.155930817,0.835628331,0.791270852,0.303327233,Americas,Latin America and the Caribbean
Costa Rica,2020,6.338472366,9.892345428,0.834199548,70,0.889399767,-0.138505712,0.772164285,0.758924901,0.349548459,Americas,Latin America and the Caribbean
Costa Rica,2021,6.408448219,9.961270332,0.876052320,70,0.886652231,-0.028736476,0.781826913,0.774057925,0.317840338,Americas,Latin America and the Caribbean
Costa Rica,2022,7.076658249,9.998219490,0.901608407,70,0.910026312,-0.049201563,0.750560999,0.793032348,0.271905601,Americas,Latin America and the Caribbean
Costa Rica,2023,7.384068966,10.020896912,0.874572039,70,0.933381498,-0.066685498,0.766937912,0.806322098,0.281794608,Americas,Latin America and the Caribbean
Croatia,2007,5.820907593,10.173645020,0.909822166,66.940002441,0.662205756,-0.098623209,0.934273541,0.549708128,0.337084860,Europe,Southern Europe
Croatia,2009,5.433319569,10.119981766,0.860663235,67.180000305,0.549258351,-0.277662367,0.958130538,0.557369649,0.272170246,Europe,Southern Europe
Croatia,2010,5.595575333,10.109936714,0.796391606,67.300003052,0.564372659,-0.244268641,0.972738981,0.553552032,0.258886874,Europe,Southern Europe
Croatia,2011,5.385372639,10.112523079,0.789738715,67.419998169,0.516932428,-0.204984099,0.976777494,0.551857710,0.272979707,Europe,Southern Europe
Croatia,2012,6.027634621,10.091986656,0.775817871,67.540000916,0.541909754,-0.249593765,0.923860013,0.571653247,0.271040529,Europe,Southern Europe
Croatia,2013,5.885462761,10.090785027,0.751262069,67.660003662,0.626699686,-0.211284339,0.936059833,0.554081142,0.284729958,Europe,Southern Europe
Croatia,2014,5.380692482,10.090556145,0.645697773,67.779998779,0.518878043,0.124925710,0.917735159,0.544727087,0.285895109,Europe,Southern Europe
Croatia,2015,5.205438137,10.123706818,0.768363416,67.900001526,0.693523049,-0.103702001,0.848545551,0.570057213,0.294019341,Europe,Southern Europe
Croatia,2016,5.416875362,10.165665627,0.798332155,68.074996948,0.671970546,-0.071900651,0.884059787,0.568961382,0.336541265,Europe,Southern Europe
Croatia,2017,5.343165874,10.211227417,0.770309687,68.25,0.715822279,-0.111835398,0.891559720,0.618256450,0.316488236,Europe,Southern Europe
Croatia,2018,5.536271095,10.247783661,0.909806848,68.425003052,0.690855622,-0.158326283,0.925408304,0.512389958,0.290375978,Europe,Southern Europe
Croatia,2019,5.625743866,10.286963463,0.935988724,68.599998474,0.739300609,-0.145356104,0.931614637,0.503806353,0.269154519,Europe,Southern Europe
Croatia,2020,6.507992268,10.201585770,0.922913492,68.775001526,0.836657643,-0.071387969,0.960939288,0.681406796,0.285609752,Europe,Southern Europe
Croatia,2021,6.286790371,10.367008209,0.917741537,68.949996948,0.841837883,0.000932322,0.933650374,0.640148699,0.274197161,Europe,Southern Europe
Croatia,2022,5.578691483,10.434864044,0.909984350,69.125,0.593485951,-0.212913781,0.875081480,0.573152721,0.266854137,Europe,Southern Europe
Croatia,2023,5.958378792,10.461684227,0.908594966,69.300003052,0.573221087,-0.205369905,0.810467243,0.609835505,0.230373800,Europe,Southern Europe
Cuba,2006,5.417868614,,0.969595134,68,0.281457931,,,0.596187174,0.276601523,Americas,Latin America and the Caribbean
Cyprus,2006,6.237958431,10.567411423,0.878201067,70.160003662,0.836101174,0.012063324,0.712468922,0.704202533,0.253212214,Asia,Western Asia
Cyprus,2009,6.833477497,10.559349060,0.811736107,70.639999390,0.774590671,0.048209604,0.801423609,0.668310106,0.329307944,Asia,Western Asia
Cyprus,2010,6.386546135,10.555774689,0.822123706,70.800003052,0.755362809,0.066237092,0.833427012,0.699333131,0.295705855,Asia,Western Asia
Cyprus,2011,6.689608574,10.534419060,0.843654513,70.959999084,0.745468855,0.173334613,0.840676486,0.682390809,0.272299588,Asia,Western Asia
Cyprus,2012,6.180507183,10.484100342,0.767177105,71.120002747,0.724629581,0.091768011,0.870691717,0.687085271,0.368632913,Asia,Western Asia
Cyprus,2013,5.438952446,10.418280602,0.744032085,71.279998779,0.656267941,0.095682248,0.867310464,0.656831086,0.420258701,Asia,Western Asia
Cyprus,2014,5.627123833,10.411366463,0.770175993,71.440002441,0.715065658,0.053511366,0.868237555,0.661480188,0.397172987,Asia,Western Asia
Cyprus,2015,5.439161301,10.450677872,0.769556105,71.599998474,0.628034830,0.107458279,0.892795146,0.659941733,0.383106411,Asia,Western Asia
Cyprus,2016,5.794618607,10.509756088,0.786438465,71.800003052,0.756220996,-0.036478147,0.897639513,0.631048799,0.336344689,Asia,Western Asia
Cyprus,2017,6.062051296,10.556205750,0.818671048,72,0.811670661,0.036032535,0.851206422,0.669735432,0.300516605,Asia,Western Asia
Cyprus,2018,6.276443005,10.598948479,0.825573206,72.199996948,0.794215024,-0.030555993,0.848337233,0.662988305,0.298021138,Asia,Western Asia
Cyprus,2019,6.136832714,10.639202118,0.776078045,72.400001526,0.740058005,-0.017519664,0.865294218,0.663419962,0.290225208,Asia,Western Asia
Cyprus,2020,6.259810448,10.583157539,0.805559397,72.599998474,0.762782335,-0.086165786,0.816231728,0.670835674,0.283522457,Asia,Western Asia
Cyprus,2021,6.269202232,10.638118744,0.855357230,72.800003052,0.717639267,-0.038225789,0.876456022,0.641120970,0.274683625,Asia,Western Asia
Cyprus,2022,5.864756584,10.683274269,0.819547474,73,0.698407114,0.007515692,0.887328267,0.659326255,0.296998680,Asia,Western Asia
Cyprus,2023,6.070594311,,0.802831233,73.199996948,0.729809582,,0.839832366,0.681512654,0.296863526,Asia,Western Asia
Czech Republic,2005,6.439256668,10.321685791,0.918759465,67.099998474,0.865234971,,0.900732756,0.638764262,0.257948965,Europe,Eastern Europe
Czech Republic,2007,6.500194073,10.432827950,0.899779022,67.339996338,0.798949361,-0.069103725,0.927871466,0.659939229,0.276907444,Europe,Eastern Europe
Czech Republic,2010,6.249617577,10.418797493,0.934161127,67.699996948,0.779112220,-0.047692440,0.925964117,0.647838593,0.244084343,Europe,Eastern Europe
Czech Republic,2011,6.331490993,10.434180260,0.913510740,67.819999695,0.787180007,-0.112337917,0.949787855,0.623200595,0.252808869,Europe,Eastern Europe
Czech Republic,2012,6.334149361,10.424900055,0.912426770,67.940002441,0.739808738,-0.159640059,0.956799686,0.634971499,0.256508142,Europe,Eastern Europe
Czech Republic,2013,6.697655678,10.424109459,0.888043344,68.059997559,0.725945652,-0.161918759,0.915898860,0.656264901,0.252652615,Europe,Eastern Europe
Czech Republic,2014,6.483729839,10.445425034,0.877915204,68.180000305,0.800421000,-0.173836902,0.896880686,0.637772083,0.235220566,Europe,Eastern Europe
Czech Republic,2015,6.608017445,10.495941162,0.911362588,68.300003052,0.808484197,-0.151817650,0.886467457,0.689354122,0.206080526,Europe,Eastern Europe
Czech Republic,2016,6.735627174,10.519077301,0.930592895,68.425003052,0.850328267,-0.203503102,0.900430739,0.710227489,0.201041639,Europe,Eastern Europe
Czech Republic,2017,6.789567947,10.566816330,0.900968969,68.550003052,0.831785500,-0.183118924,0.866524994,0.672272861,0.226649791,Europe,Eastern Europe
Czech Republic,2018,7.034165382,10.595166206,0.929163933,68.675003052,0.790132403,-0.298718303,0.851382256,0.674413085,0.178068101,Europe,Eastern Europe
Czech Republic,2020,6.897091389,10.562043190,0.964053690,68.925003052,0.906422019,-0.135277659,0.883699596,0.748342454,0.290441692,Europe,Eastern Europe
Czech Republic,2021,6.942496777,10.615072250,0.950226784,69.050003052,0.890521467,0.157264307,0.862574100,0.716166556,0.239848629,Europe,Eastern Europe
Czech Republic,2022,6.695077419,10.637453079,0.943601012,69.175003052,0.907834530,0.093451276,0.831001461,0.742506981,0.245990261,Europe,Eastern Europe
Czech Republic,2023,6.827006340,10.638617516,0.926695585,69.300003052,0.906065404,0.025248012,0.831690669,0.750118315,0.254332483,Europe,Eastern Europe
Denmark,2005,8.018934250,10.849012375,0.972371519,68.300003052,0.971135020,,0.236521706,0.776689112,0.153671950,Europe,Northern Europe
Denmark,2007,7.834233284,10.888726234,0.954201102,68.739997864,0.932086229,0.234115630,0.206005678,0.777935743,0.194323689,Europe,Northern Europe
Denmark,2008,7.970891953,10.877717972,0.953911722,68.959999084,0.969788373,0.266182005,0.247505307,0.759462297,0.163090929,Europe,Northern Europe
Denmark,2009,7.683358669,10.822056770,0.938891590,69.180000305,0.949335575,0.257662833,0.205769762,0.781798959,0.233584777,Europe,Northern Europe
Denmark,2010,7.770515442,10.836152077,0.974977076,69.400001526,0.943630815,0.236550510,0.174896091,0.796208739,0.154562935,Europe,Northern Europe
Denmark,2011,7.788231850,10.845314026,0.961736143,69.620002747,0.934760153,0.291636318,0.220043078,0.777891874,0.174883381,Europe,Northern Europe
Denmark,2012,7.519909382,10.843812943,0.951437175,69.839996338,0.932627916,0.132866561,0.187407613,0.782715559,0.208569512,Europe,Northern Europe
Denmark,2013,7.588606834,10.848934174,0.964707971,70.059997559,0.920254648,0.208896756,0.170042172,0.825601161,0.194673792,Europe,Northern Europe
Denmark,2014,7.507559299,10.859928131,0.956344306,70.279998779,0.941572249,0.112138242,0.237218335,0.779867768,0.232612774,Europe,Northern Europe
Denmark,2015,7.514424801,10.876019478,0.959701300,70.5,0.941436410,0.216179535,0.191016391,0.801432848,0.217577577,Europe,Northern Europe
Denmark,2016,7.557782650,10.900159836,0.954451501,70.625,0.948230565,0.131895736,0.209893376,0.786007643,0.207583427,Europe,Northern Europe
Denmark,2017,7.593702316,10.921552658,0.952100098,70.75,0.955416322,0.148969695,0.181147560,0.778525174,0.205775306,Europe,Northern Europe
Denmark,2018,7.648785591,10.936294556,0.958218873,70.875,0.935437799,0.011810151,0.150607437,0.773032844,0.206052810,Europe,Northern Europe
Denmark,2019,7.693003178,10.947537422,0.957706392,71,0.963318408,0.014690911,0.174150586,0.796859503,0.181070626,Europe,Northern Europe
Denmark,2020,7.514631271,10.924473763,0.947371364,71.125,0.937931836,0.045170296,0.213841751,0.752573669,0.227101892,Europe,Northern Europe
Denmark,2021,7.698747158,10.967554092,0.944926739,71.25,0.933439255,0.129834279,0.172680944,0.791890800,0.206422210,Europe,Northern Europe
Denmark,2022,7.544964790,10.997158051,0.970306337,71.375,0.929547489,0.222274691,0.203140497,0.786820412,0.205441043,Europe,Northern Europe
Denmark,2023,7.504192829,10.996293068,0.915669560,71.5,0.922739089,0.089433536,0.183566779,0.757005692,0.229489446,Europe,Northern Europe
Djibouti,2008,5.009330273,8.115298271,0.690439582,53.639999390,0.773456693,0.123202138,0.576097667,0.740247607,0.120192163,Africa,Sub-Saharan Africa
Djibouti,2009,4.905925274,8.014382362,0.900565028,54.119998932,0.649316013,-0.006779919,0.634222806,0.630110741,0.232132807,Africa,Sub-Saharan Africa
Djibouti,2010,5.005810738,7.934187412,,54.599998474,0.763730347,-0.072236098,0.596910238,,,Africa,Sub-Saharan Africa
Djibouti,2011,4.369193554,8.150376320,0.632973254,55.080001831,0.746439457,-0.081845507,0.518930137,0.542736053,0.180592626,Africa,Sub-Saharan Africa
Dominican Republic,2006,5.087967873,9.306493759,0.918898880,65.360000610,0.858241439,0.032606497,0.754729331,0.732519329,0.274338454,Americas,Latin America and the Caribbean
Dominican Republic,2007,5.081305981,9.365398407,0.847544849,65.120002747,0.886246681,-0.012786417,0.771574259,0.722559750,0.260098964,Americas,Latin America and the Caribbean
Dominican Republic,2008,4.842305660,9.384228706,0.850137472,64.879997253,0.848116636,-0.050226577,0.727598310,0.653890312,0.329416394,Americas,Latin America and the Caribbean
Dominican Republic,2009,5.431613922,9.380593300,0.878161490,64.639999390,0.862979472,-0.057925425,0.805910408,0.708645999,0.279788464,Americas,Latin America and the Caribbean
Dominican Republic,2010,4.735021114,9.447546005,0.859969318,64.400001526,0.823902845,-0.079893060,0.779742122,0.706625521,0.281694859,Americas,Latin America and the Caribbean
Dominican Republic,2011,5.396535397,9.465392113,0.872086227,64.160003662,0.847975314,0.008967811,0.788254738,0.738086641,0.299839288,Americas,Latin America and the Caribbean
Dominican Republic,2012,4.753311157,9.479447365,0.879158199,63.919998169,0.840129375,-0.066665046,0.727300286,0.724792302,0.297043145,Americas,Latin America and the Caribbean
Dominican Republic,2013,5.015515327,9.514548302,0.878449142,63.680000305,0.888566077,0.015770277,0.751750827,0.766323686,0.295131445,Americas,Latin America and the Caribbean
Dominican Republic,2014,5.387331963,9.570441246,0.890588045,63.439998627,0.904574394,-0.025276598,0.760023475,0.772476375,0.300099194,Americas,Latin America and the Caribbean
Dominican Republic,2015,5.061862469,9.625456810,0.893197775,63.200000763,0.856025338,-0.070219703,0.755288184,0.695385098,0.295253098,Americas,Latin America and the Caribbean
Dominican Republic,2016,5.238698483,9.678292274,0.894753456,63.400001526,0.872712433,-0.084955342,0.737182975,0.725231349,0.278095126,Americas,Latin America and the Caribbean
Dominican Republic,2017,5.605202675,9.712601662,0.894368112,63.599998474,0.855359018,-0.126271620,0.760489643,0.710005045,0.274745524,Americas,Latin America and the Caribbean
Dominican Republic,2018,5.433215618,9.769048691,0.861986339,63.799999237,0.866641581,-0.155102804,0.762273550,0.719369948,0.291403025,Americas,Latin America and the Caribbean
Dominican Republic,2019,6.004237175,9.807585716,0.884089887,64,0.877406240,-0.127474308,0.745615363,0.747007906,0.264054120,Americas,Latin America and the Caribbean
Dominican Republic,2020,5.168409824,9.727252960,0.806117654,64.199996948,0.834642947,-0.128188193,0.636116564,0.723668039,0.313928306,Americas,Latin America and the Caribbean
Dominican Republic,2021,6.030537128,9.832318306,0.857106984,64.400001526,0.859358311,-0.088415340,0.677408218,0.733658910,0.275468111,Americas,Latin America and the Caribbean
Dominican Republic,2022,5.518415928,9.869828224,0.820422471,64.599998474,0.853301883,-0.085780218,0.655976236,0.723231792,0.305815160,Americas,Latin America and the Caribbean
Dominican Republic,2023,5.921262264,9.900377274,0.860253692,64.800003052,0.866731405,-0.106743857,0.667494833,0.730257034,0.255569428,Americas,Latin America and the Caribbean
Ecuador,2006,5.024191380,9.189364433,0.910188437,64.440002441,0.671074986,-0.096605770,0.900686622,0.785477042,0.356847465,Americas,Latin America and the Caribbean
Ecuador,2007,4.995875359,9.193846703,0.838859499,64.779998779,0.669843376,-0.068865061,0.829651475,0.803224921,0.286144197,Americas,Latin America and the Caribbean
Ecuador,2008,5.296513081,9.238437653,0.829394639,65.120002747,0.640317261,-0.100098543,0.801256657,0.811301053,0.283164144,Americas,Latin America and the Caribbean
Ecuador,2009,6.021803379,9.227261543,0.779397964,65.459999084,0.736880839,-0.113802493,0.774304509,0.795992076,0.255967915,Americas,Latin America and the Caribbean
Ecuador,2010,5.838051319,9.245304108,0.839279711,65.800003052,0.723079085,-0.068903796,0.805638850,0.770916045,0.220013708,Americas,Latin America and the Caribbean
Ecuador,2011,5.795088291,9.304624557,0.818051338,66.139999390,0.788305700,-0.160672769,0.701595664,0.805906117,0.270687670,Americas,Latin America and the Caribbean
Ecuador,2012,5.960716248,9.343484879,0.785201013,66.480003357,0.825275123,-0.089326166,0.729978859,0.766601086,0.333309054,Americas,Latin America and the Caribbean
Ecuador,2013,6.019206047,9.376441002,0.801250935,66.819999695,0.786798120,-0.196092606,0.645848632,0.823896587,0.266504049,Americas,Latin America and the Caribbean
Ecuador,2014,5.945851803,9.398794174,0.830963194,67.160003662,0.719104826,-0.172802418,0.660934925,0.840573668,0.305792958,Americas,Latin America and the Caribbean
Ecuador,2015,5.964075089,9.384984016,0.855889201,67.5,0.800870478,-0.119606748,0.665827513,0.816486955,0.322946101,Americas,Latin America and the Caribbean
Ecuador,2016,6.115437508,9.357709885,0.842352092,67.75,0.846336305,-0.021062173,0.774084151,0.806851923,0.365246594,Americas,Latin America and the Caribbean
Ecuador,2017,5.839518547,9.365584373,0.848941743,68,0.879128158,-0.173022240,0.733588755,0.793201208,0.314343482,Americas,Latin America and the Caribbean
Ecuador,2018,6.128010273,9.359485626,0.851345003,68.25,0.869363725,-0.105065934,0.830743194,0.817419887,0.328171045,Americas,Latin America and the Caribbean
Ecuador,2019,5.809131145,9.340510368,0.808485806,68.5,0.829573691,-0.120528355,0.839495003,0.750073195,0.373558193,Americas,Latin America and the Caribbean
Ecuador,2020,5.354461670,9.245415688,0.804008543,68.75,0.828511536,-0.162773475,0.854780495,0.754971027,0.416027963,Americas,Latin America and the Caribbean
Ecuador,2021,5.434872150,9.275074959,0.785531878,69,0.821025372,-0.085563481,0.774508297,0.741730273,0.403171390,Americas,Latin America and the Caribbean
Ecuador,2022,5.887132168,9.292769432,0.825139701,69.25,0.758587241,-0.082734473,0.865789473,0.776835859,0.355939716,Americas,Latin America and the Caribbean
Ecuador,2023,5.851753712,9.307243347,0.782300949,69.5,0.730733454,-0.106206864,0.839505136,0.763028026,0.358997345,Americas,Latin America and the Caribbean
Egypt,2005,5.167754173,9.041865349,0.847842455,61.400001526,0.817362010,,,0.688714862,0.345555186,Africa,Northern Africa
Egypt,2007,5.540510654,9.137559891,0.685863256,61.520000458,0.609076858,-0.126236454,,0.599707186,0.355347604,Africa,Northern Africa
Egypt,2008,4.631741047,9.187094688,0.738363802,61.580001831,,-0.092666402,0.913641691,0.627448022,0.301017791,Africa,Northern Africa
Egypt,2009,5.066164494,9.213209152,0.744179964,61.639999390,0.611082554,-0.105123676,0.800865650,0.548718512,0.339482069,Africa,Northern Africa
Egypt,2010,4.668916225,9.243124962,0.768675268,61.700000763,0.486279041,-0.081208594,0.826335192,0.490835845,0.276345611,Africa,Northern Africa
Egypt,2011,4.174158573,9.238539696,0.753394485,61.759998322,0.589537799,-0.156874239,0.858596265,0.456294090,0.353416979,Africa,Northern Africa
Egypt,2012,4.204156876,9.237941742,0.736645103,61.819999695,0.451543361,-0.143243954,0.880383074,0.458450794,0.398423016,Africa,Northern Africa
Egypt,2013,3.558520317,9.236404419,0.675188124,61.880001068,0.473774552,-0.146632567,0.913228452,0.486913294,0.483379006,Africa,Northern Africa
Egypt,2014,4.885072708,9.241708755,0.618550718,61.939998627,0.577937961,-0.131715193,0.749142587,0.477180123,0.327350169,Africa,Northern Africa
Egypt,2015,4.762538433,9.262447357,0.729744256,62,0.659261465,-0.093897037,0.684498072,0.554459393,0.344331503,Africa,Northern Africa
Egypt,2016,4.556740761,9.284132004,0.809218585,62.25,0.655845225,-0.146827608,0.817527413,0.537922263,0.370498210,Africa,Northern Africa
Egypt,2017,3.929344177,9.305196762,0.638226390,62.5,0.592504799,-0.157819718,,0.458410412,0.414493799,Africa,Northern Africa
Egypt,2018,4.005450726,9.338146210,0.758824050,62.75,0.681654453,-0.220992386,,0.406604052,0.285183787,Africa,Northern Africa
Egypt,2019,4.327831745,9.374239922,0.772128642,63,0.773951054,-0.204429314,,0.420276582,0.312763393,Africa,Northern Africa
Egypt,2020,4.472396851,9.391795158,0.672725499,63.25,0.769550323,-0.118607022,,0.543451667,0.442033589,Africa,Northern Africa
Egypt,2021,4.025747776,9.407588005,0.717022359,63.5,0.704442561,-0.232545018,0.580454171,0.387354374,0.324949861,Africa,Northern Africa
Egypt,2022,4.023561001,9.455696106,0.769216120,63.75,0.732525110,-0.213936910,,0.485626549,0.307010829,Africa,Northern Africa
Egypt,2023,3.880640268,9.479594231,0.729670882,64,0.625340760,-0.210252240,,0.435856909,0.352329940,Africa,Northern Africa
El Salvador,2006,5.700929642,8.884818077,0.878409147,65.120002747,0.682989538,-0.061947256,0.806595683,0.812613666,0.232691318,Americas,Latin America and the Caribbean
El Salvador,2007,5.295535088,8.901626587,0.716827035,64.940002441,0.638936818,-0.021302951,0.785098732,0.833023429,0.220198929,Americas,Latin America and the Caribbean
El Salvador,2008,5.191493988,8.918750763,0.747411311,64.760002136,0.635648251,-0.084271610,0.734727442,0.827382028,0.232124120,Americas,Latin America and the Caribbean
El Salvador,2009,6.839087009,8.893871307,0.734112799,64.580001831,0.670932412,-0.109692581,0.647527635,0.841431558,0.243230954,Americas,Latin America and the Caribbean
El Salvador,2010,6.739911079,8.910987854,0.756653905,64.400001526,0.669337869,-0.070155427,0.694180071,0.822752953,0.302185982,Americas,Latin America and the Caribbean
El Salvador,2011,4.741294861,8.944543839,0.731277883,64.220001221,0.747246385,-0.132683039,0.706552804,0.830042779,0.336321533,Americas,Latin America and the Caribbean
El Salvador,2012,5.934371471,8.968485832,0.806014717,64.040000916,0.682744801,-0.161209792,0.786294818,0.783695877,0.365220815,Americas,Latin America and the Caribbean
El Salvador,2013,6.325063229,8.986650467,0.826858878,63.860000610,0.715570450,-0.156039312,0.771750867,0.801007926,0.317476392,Americas,Latin America and the Caribbean
El Salvador,2014,5.856523514,8.999739647,0.797612131,63.680000305,0.778014660,-0.200580344,0.781459808,0.801095843,0.329850852,Americas,Latin America and the Caribbean
El Salvador,2015,6.018496037,9.019993782,0.790755391,63.5,0.733355939,-0.162750497,0.804544270,0.816157162,0.332646847,Americas,Latin America and the Caribbean
El Salvador,2016,6.139824867,9.041951180,0.793659985,63.849998474,0.799847007,-0.191590250,0.797312021,0.742408216,0.345736474,Americas,Latin America and the Caribbean
El Salvador,2017,6.339318275,9.061598778,0.828952610,64.199996948,0.757827342,-0.178770304,0.777748585,0.800489426,0.268448353,Americas,Latin America and the Caribbean
El Salvador,2018,6.241199493,9.083892822,0.820299745,64.550003052,0.863334596,-0.102405213,0.800699532,0.817010224,0.269585580,Americas,Latin America and the Caribbean
El Salvador,2019,6.454820633,9.107535362,0.764390528,64.900001526,0.877390683,-0.116359338,0.681576490,0.826422155,0.271475047,Americas,Latin America and the Caribbean
El Salvador,2020,5.461926937,9.023484230,0.695624352,65.25,0.923944831,-0.132310063,0.583036363,0.810526609,0.329439789,Americas,Latin America and the Caribbean
El Salvador,2021,6.431447029,9.126046181,0.796106219,65.599998474,0.914903879,-0.084764972,0.663288593,0.825840414,0.289976716,Americas,Latin America and the Caribbean
El Salvador,2022,6.492156029,9.148201942,0.772380829,65.949996948,0.914063275,-0.115819283,0.621097445,0.822724938,0.296306878,Americas,Latin America and the Caribbean
El Salvador,2023,6.481846809,9.167494774,0.743965209,66.300003052,0.942021489,-0.103750244,0.495585293,0.811922908,0.318038553,Americas,Latin America and the Caribbean
Estonia,2006,5.371054649,10.268648148,0.910064340,65.779998779,0.748576343,-0.269661725,0.796722651,0.589018345,0.215225026,Europe,Northern Europe
Estonia,2007,5.332044125,10.346266747,0.895631552,66.059997559,0.712120891,-0.251671016,0.742697179,0.588513255,0.176231012,Europe,Northern Europe
Estonia,2008,5.451937675,10.296264648,0.903726280,66.339996338,0.642325103,-0.223223135,0.662769675,0.594615102,0.217813089,Europe,Northern Europe
Estonia,2009,5.137738705,10.140028000,0.873774767,66.620002747,0.610709310,-0.235351130,0.793151677,0.590579033,0.243074834,Europe,Northern Europe
Estonia,2011,5.486819744,10.239607811,0.908712626,67.180000305,0.735225379,-0.173453435,0.686783910,0.640869439,0.205158427,Europe,Northern Europe
Estonia,2012,5.363927841,10.274958611,0.889454544,67.459999084,0.696825743,-0.197208628,0.792852700,0.627043128,0.198966742,Europe,Northern Europe
Estonia,2013,5.367445946,10.292996407,0.900721788,67.739997864,0.753558695,-0.206273243,0.726356387,0.650512099,0.199018165,Europe,Northern Europe
Estonia,2014,5.555982590,10.325288773,0.917101741,68.019996643,0.773327112,-0.158476129,0.652447462,0.619621396,0.203439116,Europe,Northern Europe
Estonia,2015,5.628908634,10.342993736,0.917929649,68.300003052,0.814692378,-0.169200733,0.568734467,0.648784935,0.182694778,Europe,Northern Europe
Estonia,2016,5.649675369,10.373770714,0.937715113,68.525001526,0.842770696,-0.154941931,0.639085293,0.656822562,0.176869258,Europe,Northern Europe
Estonia,2017,5.938395977,10.428864479,0.935686350,68.75,0.861749232,-0.106564440,0.668402255,0.740096331,0.160164103,Europe,Northern Europe
Estonia,2018,6.091302395,10.462528229,0.932693779,68.974998474,0.885618389,-0.146617189,0.620677948,0.730264843,0.163182110,Europe,Northern Europe
Estonia,2019,6.034641266,10.495527267,0.934064329,69.199996948,0.886504352,-0.100590579,0.575754166,0.738428950,0.156279013,Europe,Northern Europe
Estonia,2020,6.452563763,10.488026619,0.957770467,69.425003052,0.954200566,-0.090335310,0.397834778,0.761690438,0.187679499,Europe,Northern Europe
Estonia,2021,6.553915501,10.564051628,0.945865035,69.650001526,0.925818324,0.045519922,0.441425771,0.760608435,0.176258042,Europe,Northern Europe
Estonia,2022,6.357114315,10.540752411,0.933332503,69.875,0.903950691,0.136071950,0.390300930,0.766957283,0.186810568,Europe,Northern Europe
Estonia,2023,6.429872990,10.516721725,0.958171248,70.099998474,0.914573312,0.031501040,0.333730578,0.764899909,0.182295844,Europe,Northern Europe
Eswatini,2011,4.867091179,8.902074814,0.837149739,42.5,0.607157230,-0.069485426,0.917250097,0.756366313,0.251053393,Africa,Sub-Saharan Africa
Eswatini,2018,4.211565018,9.029288292,0.779269755,49.299999237,0.709973693,-0.181713909,0.692341149,0.739475906,0.252339154,Africa,Sub-Saharan Africa
Eswatini,2019,4.396114826,9.047970772,0.759097695,50.099998474,0.596682429,-0.194698334,0.723507762,0.725604951,0.279595166,Africa,Sub-Saharan Africa
Eswatini,2022,3.502002954,9.119490623,0.712267697,52.5,0.538658023,-0.149068177,0.773769081,0.660896778,0.393513203,Africa,Sub-Saharan Africa
Ethiopia,2012,4.561168671,7.252150536,0.658794284,56.319999695,0.776308239,-0.047381990,,0.555734932,0.137166128,Africa,Sub-Saharan Africa
Ethiopia,2013,4.444827080,7.325243473,0.602481663,56.979999542,0.706796229,-0.011459271,0.750478268,0.570072651,0.213350877,Africa,Sub-Saharan Africa
Ethiopia,2014,4.506646633,7.395837784,0.640452147,57.639999390,0.693558931,0.076440208,0.701800287,0.643650830,0.302858293,Africa,Sub-Saharan Africa
Ethiopia,2015,4.573154926,7.467755318,0.625596821,58.299999237,0.802642584,0.108845145,0.567027330,0.623456478,0.236629039,Africa,Sub-Saharan Africa
Ethiopia,2016,4.297848701,7.530741692,0.718718708,58.700000763,0.744307697,0.034556389,0.702880859,0.627145290,0.253940523,Africa,Sub-Saharan Africa
Ethiopia,2017,4.180315495,7.594868660,0.733539760,59.099998474,0.717101216,-0.002455708,0.756898940,0.514328420,0.304436177,Africa,Sub-Saharan Africa
Ethiopia,2018,4.379262447,7.634074211,0.740154505,59.5,0.740343094,0.035602931,0.799466252,0.561594129,0.271753967,Africa,Sub-Saharan Africa
Ethiopia,2019,4.099555016,7.687840939,0.748057783,59.900001526,0.753515542,0.048716113,0.731845319,0.519313693,0.282738596,Africa,Sub-Saharan Africa
Ethiopia,2020,4.549219608,7.720122814,0.823137581,60.299999237,0.768694282,0.182740986,0.783822417,0.614591181,0.251514345,Africa,Sub-Saharan Africa
Ethiopia,2022,3.628071547,7.775345325,0.740167618,61.099998474,0.673658550,0.356587619,0.793105245,0.560136735,0.334763050,Africa,Sub-Saharan Africa
Ethiopia,2023,4.092648506,7.809025288,0.670349836,61.5,0.631146789,0.211843997,0.800479531,0.538413942,0.298962474,Africa,Sub-Saharan Africa
Finland,2006,7.672449112,10.745317459,0.964562833,68.720001221,0.968580484,-0.010571974,0.132430181,0.682818532,0.172133937,Europe,Northern Europe
Finland,2008,7.670626640,10.795854568,0.951339900,69.160003662,0.934178948,0.021620270,0.216567531,0.691433728,0.143538713,Europe,Northern Europe
Finland,2010,7.393264294,10.733668327,0.935481369,69.599998474,0.916009128,0.085120268,0.412515700,0.758084536,0.202094659,Europe,Northern Europe
Finland,2011,7.354225159,10.754190445,0.937856853,69.819999695,0.936448395,0.095451884,0.319593191,0.708862185,0.205238640,Europe,Northern Europe
Finland,2012,7.420209408,10.735358238,0.927739382,70.040000916,0.920968115,-0.007086734,0.360733956,0.742233932,0.201654434,Europe,Northern Europe
Finland,2013,7.444635868,10.721693039,0.940869093,70.260002136,0.918625355,0.033543486,0.305770457,0.751642883,0.194672555,Europe,Northern Europe
Finland,2014,7.384571075,10.713901520,0.952016532,70.480003357,0.933043957,-0.006807921,0.265479892,0.766498208,0.198813885,Europe,Northern Europe
Finland,2015,7.447925568,10.716029167,0.947800577,70.699996948,0.929861903,0.105239972,0.223369658,0.736426234,0.191057593,Europe,Northern Europe
Finland,2016,7.659843445,10.740881920,0.953940451,70.775001526,0.948372185,-0.032876525,0.249659568,0.768805683,0.181998447,Europe,Northern Europe
Finland,2017,7.788251877,10.769960403,0.963826418,70.849998474,0.962198973,-0.008309741,0.192412779,0.755857646,0.176065788,Europe,Northern Europe
Finland,2018,7.858107090,10.779966354,0.962155044,70.925003052,0.937807381,-0.133212939,0.198604837,0.748826444,0.181780651,Europe,Northern Europe
Finland,2019,7.780347824,10.791037560,0.937415540,71,0.947616696,-0.057517920,0.195338428,0.732282341,0.180732876,Europe,Northern Europe
Finland,2020,7.889349937,10.765769958,0.961620748,71.074996948,0.962423682,-0.122666195,0.163635895,0.747939050,0.192897573,Europe,Northern Europe
Finland,2021,7.794377804,10.793706894,0.970289290,71.150001526,0.963189840,-0.039150938,0.191753656,0.751611710,0.175448626,Europe,Northern Europe
Finland,2022,7.728998184,10.811471939,0.974395156,71.224998474,0.958609104,0.100609764,0.190206692,0.741322875,0.191473112,Europe,Northern Europe
Finland,2023,7.698929310,10.808450699,0.946864665,71.300003052,0.943417847,-0.001129680,0.185229436,0.716777802,0.172830328,Europe,Northern Europe
France,2005,7.093392849,10.636769295,0.940338254,70.699996948,0.894819260,,0.687850833,0.681277752,0.225094199,Europe,Western Europe
France,2006,6.582700253,10.654029846,0.943929076,70.800003052,0.789120734,0.120387509,0.699270129,0.694246352,0.288682431,Europe,Western Europe
France,2008,7.008064747,10.668793678,0.935350597,71,0.833327115,-0.036685646,0.668875813,0.702371597,0.280619293,Europe,Western Europe
France,2009,6.283498287,10.634509087,0.918158531,71.099998474,0.798213184,-0.087550506,0.654168189,0.691047668,0.303366601,Europe,Western Europe
France,2010,6.797901154,10.648887634,0.942954779,71.199996948,0.849702179,-0.109173037,0.622954249,0.728971004,0.260568112,Europe,Western Europe
France,2011,6.959185123,10.665750504,0.921285570,71.300003052,0.903366625,-0.108111247,0.626624525,0.718365848,0.280994773,Europe,Western Europe
France,2012,6.649365425,10.664037704,0.937097430,71.400001526,0.841320336,-0.154730693,0.607905269,0.705462158,0.252988011,Europe,Western Europe
France,2013,6.667121410,10.664618492,0.907690823,71.5,0.877795756,-0.130178764,0.699069381,0.741086423,0.204969689,Europe,Western Europe
France,2014,6.466867924,10.669452667,0.877504528,71.599998474,0.803474188,-0.123766333,0.655637443,0.758671105,0.215893835,Europe,Western Europe
France,2015,6.357625008,10.676964760,0.895719409,71.699996948,0.817036211,-0.144943252,0.640602052,0.740427256,0.215400279,Europe,Western Europe
France,2016,6.475208759,10.685220718,0.884922922,71.800003052,0.786780477,-0.096961647,0.622697055,0.714936078,0.270036250,Europe,Western Europe
France,2017,6.635222435,10.704975128,0.931494594,71.900001526,0.833890140,-0.129056990,0.601486027,0.715806305,0.241983935,Europe,Western Europe
France,2018,6.665903568,10.719868660,0.921463072,72,0.816377223,-0.143406436,0.581775308,0.705308378,0.282451361,Europe,Western Europe
France,2019,6.689644337,10.734716415,0.958348095,72.099998474,0.827240825,-0.138793007,0.568272293,0.692844808,0.250415534,Europe,Western Europe
France,2020,6.714111805,10.650960922,0.947354019,72.199996948,0.823386312,-0.175513923,0.564640582,0.689624250,0.230950430,Europe,Western Europe
France,2021,6.656206608,10.714264870,0.914597511,72.300003052,0.836917698,-0.104087166,0.560812950,0.684601307,0.268417448,Europe,Western Europe
France,2022,6.613806725,10.736824036,0.865514636,72.400001526,0.798249364,-0.026758073,0.532776713,0.688189685,0.248723462,Europe,Western Europe
France,2023,6.556921482,10.741768837,0.849570930,72.5,0.775524080,0.009542724,0.557787776,0.675797164,0.228001297,Europe,Western Europe
Gabon,2011,4.255400658,9.557162285,0.652701557,54.459999084,0.771871924,-0.213425130,0.850830913,0.564417541,0.263955116,Africa,Sub-Saharan Africa
Gabon,2012,3.972059250,9.572758675,0.736096144,54.919998169,0.565965831,-0.197258309,0.810119689,0.503554463,0.265743077,Africa,Sub-Saharan Africa
Gabon,2013,3.800287008,9.592561722,0.733487546,55.380001068,0.682490110,-0.147954538,0.780438900,0.518544436,0.287097007,Africa,Sub-Saharan Africa
Gabon,2014,3.918073177,9.601395607,0.828597128,55.840000153,0.606613815,-0.200559452,0.781658471,0.533089578,0.293042421,Africa,Sub-Saharan Africa
Gabon,2015,4.661012650,9.608581543,0.755861998,56.299999237,0.671300709,-0.196348161,0.866777480,0.599643230,0.371656328,Africa,Sub-Saharan Africa
Gabon,2016,4.831764221,9.601238251,0.780048966,56.625,0.698942363,-0.206989035,0.816563547,0.625076175,0.432404667,Africa,Sub-Saharan Africa
Gabon,2017,4.782382965,9.580394745,0.806941152,56.950000763,0.652359545,-0.231157675,0.868305504,0.637974918,0.446124285,Africa,Sub-Saharan Africa
Gabon,2018,4.783009052,9.564825058,0.784827590,57.275001526,0.719135404,-0.200200126,0.822863460,0.613811791,0.417660981,Africa,Sub-Saharan Africa
Gabon,2019,4.914393425,9.580385208,0.763051689,57.599998474,0.736349881,-0.206289813,0.846254230,0.638376653,0.412960976,Africa,Sub-Saharan Africa
Gabon,2020,4.886549950,9.539880753,0.701217532,57.924999237,0.528374910,-0.194221511,0.788709342,0.567638814,0.416036040,Africa,Sub-Saharan Africa
Gabon,2021,5.075422287,9.533473969,0.753871620,58.25,0.699056685,-0.207322225,0.765906811,0.620008111,0.361928850,Africa,Sub-Saharan Africa
Gabon,2022,5.139500618,9.543173790,0.775247753,58.575000763,0.699276030,-0.167069510,0.802774906,0.660757720,0.413654208,Africa,Sub-Saharan Africa
Gabon,2023,5.104125023,9.553695679,0.734570622,58.900001526,0.722349942,-0.159617275,0.821529746,0.619680762,0.423641682,Africa,Sub-Saharan Africa
Gambia,2017,4.117938995,7.563740253,0.697001517,56.400001526,0.812325835,0.111021839,0.571615577,0.770294130,0.277247190,Africa,Sub-Saharan Africa
Gambia,2018,4.922099113,7.607178211,0.684799969,56.700000763,0.718728781,0.439613044,0.691069543,0.758668125,0.379207700,Africa,Sub-Saharan Africa
Gambia,2019,5.163627148,7.641712666,0.693870127,57,0.676595271,0.409214884,0.798108101,0.717893243,0.400723279,Africa,Sub-Saharan Africa
Gambia,2022,4.279441357,7.661813259,0.587696254,57.900001526,0.599087417,0.359762967,0.883752167,0.722409368,0.437860131,Africa,Sub-Saharan Africa
Gambia,2023,4.690763474,7.686476707,0.651343822,58.200000763,0.726548493,0.430171221,0.852272391,0.719245672,0.290904552,Africa,Sub-Saharan Africa
Georgia,2006,3.675108433,8.993415833,0.646635950,63.299999237,0.552592635,-0.272559106,0.751933634,0.352651566,0.269383609,Asia,Western Asia
Georgia,2007,3.707194567,9.117116928,0.548369050,63.400001526,0.463722527,-0.272220284,0.697340012,0.350956768,0.235846743,Asia,Western Asia
Georgia,2008,4.156090260,9.144052505,0.607512712,63.5,0.613997400,-0.229815722,0.497999460,0.371024489,0.261508077,Asia,Western Asia
Georgia,2009,3.800639153,9.115746498,0.543513060,63.599998474,0.495314002,-0.238089040,0.534585297,0.391252249,0.242350146,Asia,Western Asia
Georgia,2010,4.101837158,9.183660507,0.540388942,63.700000763,0.557857931,-0.253164709,0.459736317,0.401716352,0.242536306,Asia,Western Asia
Georgia,2011,4.203030586,9.263072014,0.502937376,63.799999237,0.632464528,-0.260438323,0.353346407,0.421274066,0.246770427,Asia,Western Asia
Georgia,2012,4.254445553,9.332181931,0.532586455,63.900001526,0.658724010,-0.274564892,0.320887595,0.443486065,0.250087857,Asia,Western Asia
Georgia,2013,4.348920822,9.370764732,0.559165776,64,0.722127616,-0.259676248,0.348713607,0.467081726,0.199907079,Asia,Western Asia
Georgia,2014,4.287508011,9.413660049,0.558420002,64.099998474,0.719781160,-0.238581777,0.415525645,0.458110958,0.204327509,Asia,Western Asia
Georgia,2015,4.121940613,9.441860199,0.517371595,64.199996948,0.639944971,-0.210428119,0.502416790,0.447714150,0.233192086,Asia,Western Asia
Georgia,2016,4.448386192,9.469911575,0.533412278,64.324996948,0.606468379,-0.254814386,0.560924053,0.474852562,0.223224476,Asia,Western Asia
Georgia,2017,4.450774670,9.517067909,0.590495169,64.449996948,0.820908785,-0.249543443,0.589631975,0.495819479,0.209639609,Asia,Western Asia
Georgia,2018,4.659097195,9.564751625,0.617218554,64.574996948,0.775144100,-0.238383502,0.754853785,0.479062021,0.243778914,Asia,Western Asia
Georgia,2019,4.891835690,9.615089417,0.674976051,64.699996948,0.810534120,-0.265289843,0.647223175,0.502834857,0.243710026,Asia,Western Asia
Georgia,2020,5.123143196,9.544404030,0.718345940,64.824996948,0.764352381,-0.225012973,0.582734704,0.572584391,0.294512063,Asia,Western Asia
Georgia,2021,4.911273479,9.647734642,0.670689464,64.949996948,0.777061343,-0.289711356,0.723406911,0.509632826,0.240043506,Asia,Western Asia
Georgia,2022,5.292755127,9.742983818,0.754490972,65.074996948,0.820903182,-0.254908860,0.655172110,0.503321230,0.233324438,Asia,Western Asia
Georgia,2023,5.350635052,9.785037041,0.779039383,65.199996948,0.876941442,-0.268210500,0.705884159,0.541784525,0.231046677,Asia,Western Asia
Germany,2005,6.619549751,10.690792084,0.963490367,69.900001526,0.846623778,,0.781006813,0.684764624,0.197262481,Europe,Western Europe
Germany,2007,6.416819572,10.760041237,0.925937593,69.940002441,0.800878227,0.160926774,0.792179406,0.646914542,0.230811894,Europe,Western Europe
Germany,2008,6.521790028,10.771495819,0.923211336,69.959999084,0.765556991,,0.758266151,0.672131240,0.220000386,Europe,Western Europe
Germany,2009,6.641493320,10.715405464,0.934782326,69.980003357,0.843784511,0.121106081,0.689930737,0.684358895,0.206444725,Europe,Western Europe
Germany,2010,6.724531174,10.757886887,0.939308643,70,0.842656434,0.088990480,0.688005984,0.697530389,0.182344139,Europe,Western Europe
Germany,2011,6.621312141,10.814925194,0.947236657,70.019996643,0.906293273,0.026768880,0.677172124,0.685721278,0.165199533,Europe,Western Europe
Germany,2012,6.702362061,10.817223549,0.926406622,70.040000916,0.904440463,0.064857587,0.679236710,0.699049354,0.169576168,Europe,Western Europe
Germany,2013,6.965125084,10.818861008,0.931420565,70.059997559,0.894312978,0.018139303,0.565794230,0.693133771,0.204995915,Europe,Western Europe
Germany,2014,6.984214306,10.836547852,0.937558949,70.080001831,0.898683429,0.081714392,0.473952919,0.738942146,0.187844872,Europe,Western Europe
Germany,2015,7.037137508,10.842699051,0.925923228,70.099998474,0.889428854,0.171627730,0.412168294,0.722384810,0.202705160,Europe,Western Europe
Germany,2016,6.873763084,10.856682777,0.906029284,70.300003052,0.870515049,0.142289370,0.445922136,0.709376156,0.187254936,Europe,Western Europe
Germany,2017,7.074324608,10.879394531,0.892166078,70.5,0.840727866,0.138983652,0.414021194,0.707113683,0.196434811,Europe,Western Europe
Germany,2018,7.118364334,10.886154175,0.919763148,70.699996948,0.876887500,0.028175600,0.495673954,0.740174949,0.243214577,Europe,Western Europe
Germany,2019,7.035472393,10.894409180,0.885667324,70.900001526,0.884751558,0.050941497,0.462255150,0.712461114,0.226171210,Europe,Western Europe
Germany,2020,7.311897755,10.855923653,0.905080497,71.099998474,0.864356041,-0.067716815,0.424088776,0.698266089,0.205927119,Europe,Western Europe
Germany,2021,6.754523754,10.881431580,0.867582560,71.300003052,0.778439999,0.073678024,0.417581916,0.703333020,0.251194686,Europe,Western Europe
Germany,2022,6.608206749,10.888559341,0.915808022,71.5,0.895221889,0.079951324,0.416577160,0.668037117,0.200957254,Europe,Western Europe
Germany,2023,6.792490482,10.877864838,0.894832492,71.699996948,0.844737530,0.106207937,0.460183352,0.706304550,0.231235966,Europe,Western Europe
Ghana,2006,4.535019875,8.067016602,0.728269994,52.540000916,0.849283397,0.208331570,0.814070404,0.637270749,0.197606653,Africa,Sub-Saharan Africa
Ghana,2007,5.220148087,8.083511353,0.729647696,52.979999542,0.891153276,0.132868439,0.771188259,0.658397734,0.216630280,Africa,Sub-Saharan Africa
Ghana,2008,4.965134621,8.145339012,0.622255147,53.419998169,0.838006318,0.114942007,0.862870395,0.674331009,0.172045439,Africa,Sub-Saharan Africa
Ghana,2009,4.197695732,8.167292595,0.633197725,53.860000610,0.757477760,0.000389929,0.889738321,0.713851511,0.197590128,Africa,Sub-Saharan Africa
Ghana,2010,4.606251717,8.218624115,0.738558650,54.299999237,0.891129911,0.068841815,0.874849141,0.693436503,0.184128717,Africa,Sub-Saharan Africa
Ghana,2011,5.608199596,8.325683594,0.724297225,54.740001678,0.851896167,0.005705521,0.790444314,0.657618284,0.209212631,Africa,Sub-Saharan Africa
Ghana,2012,5.057261944,8.389938354,0.685111880,55.180000305,0.679418445,0.035144694,0.897836149,0.709003925,0.152376384,Africa,Sub-Saharan Africa
Ghana,2013,4.965053082,8.435989380,0.676289201,55.619998932,0.793793738,-0.070208631,0.880178452,0.660169482,0.210818723,Africa,Sub-Saharan Africa
Ghana,2014,3.860351086,8.440074921,0.651468754,56.060001373,0.676916063,-0.003522958,0.912682354,0.681699812,0.280321032,Africa,Sub-Saharan Africa
Ghana,2015,3.985916138,8.437417984,0.687448561,56.5,0.852016151,-0.042843543,0.945436120,0.674785078,0.265278548,Africa,Sub-Saharan Africa
Ghana,2016,4.514411449,8.447202682,0.647303164,56.875,0.751168370,0.085191436,0.893955231,0.658924580,0.304909706,Africa,Sub-Saharan Africa
Ghana,2017,5.481310844,8.503006935,0.669111073,57.25,0.783046365,0.074327588,0.838609993,0.714789271,0.247518942,Africa,Sub-Saharan Africa
Ghana,2018,5.003693104,8.541934013,0.760716796,57.625,0.816680491,0.057765581,0.846328497,0.715819657,0.250001252,Africa,Sub-Saharan Africa
Ghana,2019,4.966809750,8.584093094,0.746247828,58,0.787447751,0.111473314,0.856665850,0.644655406,0.269940108,Africa,Sub-Saharan Africa
Ghana,2020,5.319483280,8.568556786,0.642703354,58.375,0.823720038,0.195769846,0.847024918,0.674681187,0.252728432,Africa,Sub-Saharan Africa
Ghana,2021,4.377950668,8.600658417,0.632729650,58.75,0.730264723,0.105124898,0.887770474,0.587594330,0.295109749,Africa,Sub-Saharan Africa
Ghana,2022,4.190854549,8.613152504,0.628161311,59.125,0.786439955,0.114457138,0.908888876,0.620285153,0.291501880,Africa,Sub-Saharan Africa
Ghana,2023,4.298451424,8.609566689,0.661466599,59.5,0.834113598,0.093152903,0.892141581,0.637743235,0.253894538,Africa,Sub-Saharan Africa
Greece,2005,6.006309986,10.453635216,0.836539447,69.599998474,0.734171808,,0.860563099,0.597686529,0.263643026,Europe,Southern Europe
Greece,2007,6.646961212,10.535282135,0.808002651,69.760002136,0.575308859,-0.195753366,0.844570935,0.629187405,0.221744120,Europe,Southern Europe
Greece,2009,6.038574696,10.482680321,0.793317616,69.919998169,0.443107843,-0.298429608,0.958768308,0.614257872,0.253589481,Europe,Southern Europe
Greece,2010,5.839558601,10.425051689,0.868422449,70,0.484110981,-0.308237761,0.954113841,0.580756307,0.291516393,Europe,Southern Europe
Greece,2011,5.372039795,10.319510460,0.851554990,70.080001831,0.528125942,-0.320964396,0.941152513,0.551990569,0.322790802,Europe,Southern Europe
Greece,2012,5.096354008,10.251414299,0.812141120,70.160003662,0.372610420,-0.309576273,0.958908975,0.544410706,0.351506293,Europe,Southern Europe
Greece,2013,4.720251083,10.233183861,0.686650038,70.239997864,0.425966531,-0.277237833,0.941309869,0.570836425,0.482183158,Europe,Southern Europe
Greece,2014,4.756237030,10.244590759,0.832333207,70.319999695,0.369156331,-0.292941749,0.930213809,0.597015142,0.385433316,Europe,Southern Europe
Greece,2015,5.622519016,10.249216080,0.834824681,70.400001526,0.531736314,-0.277164876,0.823959649,0.636590421,0.277412534,Europe,Southern Europe
Greece,2016,5.302619457,10.248492241,0.802605867,70.525001526,0.481616855,-0.265133977,0.898470819,0.593827844,0.336207509,Europe,Southern Europe
Greece,2017,5.148241520,10.261331558,0.752899528,70.650001526,0.438300014,-0.294740796,0.872239470,0.515908480,0.332830757,Europe,Southern Europe
Greece,2018,5.409289360,10.279907227,0.793500781,70.775001526,0.564455688,-0.339546829,0.860302389,0.563627839,0.255006582,Europe,Southern Europe
Greece,2019,5.952157497,10.299629211,0.890809536,70.900001526,0.613584101,-0.293165594,0.848003805,0.559758365,0.235946462,Europe,Southern Europe
Greece,2020,5.787615776,10.207419395,0.778536558,71.025001526,0.564613640,-0.246164128,0.764324546,0.629382133,0.321684211,Europe,Southern Europe
Greece,2021,6.104214191,10.293772697,0.850326180,71.150001526,0.574029803,-0.160707191,0.751816869,0.623556495,0.310851872,Europe,Southern Europe
Greece,2022,5.900459290,10.358270645,0.875312984,71.275001526,0.562556148,-0.318011492,0.874286056,0.588629067,0.182714000,Europe,Southern Europe
Greece,2023,5.796062946,10.386622429,0.818430841,71.400001526,0.589122653,-0.222803697,0.805382431,0.607938945,0.311313361,Europe,Southern Europe
Guatemala,2006,5.901429176,8.849712372,0.830441594,58.979999542,0.663381696,0.166777954,0.706095576,0.789322317,0.287081897,Americas,Latin America and the Caribbean
Guatemala,2007,6.329581261,8.891402245,0.866397083,59.259998322,0.627586961,0.130328491,0.809742630,0.789606929,0.224379733,Americas,Latin America and the Caribbean
Guatemala,2008,6.414494514,8.904532433,0.865605474,59.540000916,0.630151749,0.200027511,0.796285450,0.800283611,0.233636200,Americas,Latin America and the Caribbean
Guatemala,2009,6.451916218,8.890479088,0.833815634,59.819999695,0.643478751,0.191092163,0.754889369,0.813852191,0.239741579,Americas,Latin America and the Caribbean
Guatemala,2010,6.289748669,8.900547028,0.859052479,60.099998474,0.695862949,0.160768449,0.794835389,0.804730654,0.235617921,Americas,Latin America and the Caribbean
Guatemala,2011,5.743353844,8.923148155,0.768112421,60.380001068,0.762963116,0.003407752,0.863039374,0.791875601,0.289357901,Americas,Latin America and the Caribbean
Guatemala,2012,5.855717182,8.934686661,0.802148998,60.659999847,0.865472019,0.014793318,0.820923984,0.808444262,0.349404961,Americas,Latin America and the Caribbean
Guatemala,2013,5.984601498,8.953396797,0.829650402,60.939998627,0.884005010,0.039446179,0.816769838,0.822216988,0.332524270,Americas,Latin America and the Caribbean
Guatemala,2014,6.536030769,8.979589462,0.833974659,61.220001221,0.843398929,0.102032416,0.804462552,0.815518975,0.305114686,Americas,Latin America and the Caribbean
Guatemala,2015,6.464986801,9.002781868,0.822837472,61.5,0.868639767,0.045796677,0.821654916,0.826123118,0.310553789,Americas,Latin America and the Caribbean
Guatemala,2016,6.358916283,9.012626648,0.811235487,61.700000763,0.862675726,0.005959109,0.812030017,0.815476716,0.321357191,Americas,Latin America and the Caribbean
Guatemala,2017,6.325118542,9.026683807,0.826492071,61.900001526,0.914521694,-0.064077757,0.799747884,0.818839788,0.308086157,Americas,Latin America and the Caribbean
Guatemala,2018,6.626591682,9.044180870,0.841107249,62.099998474,0.909538031,-0.015748881,0.765454412,0.827421427,0.262411267,Americas,Latin America and the Caribbean
Guatemala,2019,6.262175083,9.067970276,0.774074376,62.299999237,0.900676310,-0.068113439,0.772577941,0.819660842,0.310789257,Americas,Latin America and the Caribbean
Guatemala,2022,6.150331497,9.122825623,0.806016386,62.900001526,0.856143475,-0.060417511,0.835372388,0.834880233,0.263170809,Americas,Latin America and the Caribbean
Guatemala,2023,6.421293736,9.140171051,0.796193480,63.099998474,0.873079836,-0.049050260,0.812035024,0.843146861,0.302629977,Americas,Latin America and the Caribbean
Guinea,2011,4.044569492,7.556332588,0.598465562,51.020000458,0.796830237,0.036394905,0.743256271,0.669798911,0.260133177,Africa,Sub-Saharan Africa
Guinea,2012,3.651554823,7.589314461,0.542295277,51.139999390,0.646187842,-0.003165714,0.794450223,0.657049835,0.284573376,Africa,Sub-Saharan Africa
Guinea,2013,3.901793003,7.603590012,0.566866577,51.259998322,0.692736626,0.086997621,0.815481603,0.605540574,0.348057002,Africa,Sub-Saharan Africa
Guinea,2014,3.412482500,7.615059376,0.637713730,51.380001068,0.683557570,0.002136803,0.705246389,0.643382549,0.351264536,Africa,Sub-Saharan Africa
Guinea,2015,3.504693508,7.627111912,0.578859627,51.5,0.665953040,0.002731623,0.762152016,0.658103645,0.267741233,Africa,Sub-Saharan Africa
Guinea,2016,3.602854729,7.703959465,0.675447047,51.950000763,0.725685179,-0.060191609,0.802781165,0.676122487,0.374393791,Africa,Sub-Saharan Africa
Guinea,2017,4.873722553,7.776358128,0.634025574,52.400001526,0.738212824,0.033802852,0.750026226,0.701788723,0.422460884,Africa,Sub-Saharan Africa
Guinea,2018,5.252226830,7.812669277,0.630433142,52.849998474,0.731157243,0.087670214,0.778393805,0.727270722,0.440438300,Africa,Sub-Saharan Africa
Guinea,2019,4.767684460,7.841940880,0.655124187,53.299999237,0.691399097,0.092204399,0.755585492,0.669558287,0.473388433,Africa,Sub-Saharan Africa
Guinea,2020,4.972168446,7.864849091,0.731928527,53.75,0.598107696,0.075127020,0.790462673,0.706352055,0.346021980,Africa,Sub-Saharan Africa
Guinea,2021,4.944539547,7.878664494,0.627239227,54.200000763,0.676289976,0.157070622,0.783515692,0.671716809,0.450476736,Africa,Sub-Saharan Africa
Guinea,2022,5.317492962,7.900684357,0.582017422,54.650001526,0.729232073,0.135790482,0.770350397,0.698896885,0.492336690,Africa,Sub-Saharan Africa
Guinea,2023,4.827179909,7.931992054,0.576948881,55.099998474,0.743183076,0.186741203,0.790581107,0.651949823,0.515565395,Africa,Sub-Saharan Africa
Guyana,2007,5.992826462,9.088530540,0.848765194,56.240001678,0.694005668,0.082012504,0.835569084,0.760633051,0.296419770,Americas,Latin America and the Caribbean
Haiti,2006,3.754156113,7.976453304,0.693800747,6.719999790,0.449474722,0.354995996,0.853506446,0.583196223,0.332141399,Americas,Latin America and the Caribbean
Haiti,2008,3.846329212,8.015879631,0.679098427,17.360000610,0.464970648,0.213009655,0.811658978,0.572522998,0.255774111,Americas,Latin America and the Caribbean
Haiti,2010,3.765998840,7.987371445,0.554030776,28,0.372941315,0.167340115,0.848006785,0.495069414,0.292556822,Americas,Latin America and the Caribbean
Haiti,2011,4.844573975,8.025838852,0.567039013,33.319999695,0.412587792,0.194368914,0.681960106,0.550258100,0.244855642,Americas,Latin America and the Caribbean
Haiti,2012,4.413475037,8.015476227,0.748662710,38.639999390,0.482485861,0.242566466,0.717166364,0.556582868,0.283806413,Americas,Latin America and the Caribbean
Haiti,2013,4.621962070,8.042824745,0.648350894,43.959999084,0.610410035,0.242882803,0.668975711,0.528251290,0.326655537,Americas,Latin America and the Caribbean
Haiti,2014,3.888778448,8.056643486,0.554148793,49.279998779,0.508805454,0.238246694,0.707521260,0.573324144,0.327208459,Americas,Latin America and the Caribbean
Haiti,2015,3.569762468,8.056147575,0.564319670,54.599998474,0.398295492,0.259284139,0.777403951,0.597596824,0.332539678,Americas,Latin America and the Caribbean
Haiti,2016,3.352300167,8.060001373,0.583742440,54.900001526,0.303540409,0.244460702,0.838523149,0.532205284,0.367341012,Americas,Latin America and the Caribbean
Haiti,2017,3.823865652,8.070919037,0.646984994,55.200000763,0.484429151,0.333262593,0.647191584,0.570106566,0.321692765,Americas,Latin America and the Caribbean
Haiti,2018,3.614928007,8.073848724,0.537975907,55.5,0.591468394,0.373718470,0.720444739,0.580672979,0.358720034,Americas,Latin America and the Caribbean
Honduras,2006,5.396519661,8.448007584,0.932676792,63.099998474,0.650253594,0.084848262,0.843539059,0.837169111,0.155473977,Americas,Latin America and the Caribbean
Honduras,2007,5.097154140,8.485170364,0.818868577,62.900001526,0.675630987,0.226033181,0.825974703,0.711917400,0.198780000,Americas,Latin America and the Caribbean
Honduras,2008,5.420331001,8.504487038,0.828175902,62.700000763,0.686880887,0.218838841,0.863222003,0.718948781,0.205853820,Americas,Latin America and the Caribbean
Honduras,2009,6.033189297,8.458436012,0.823966086,62.5,0.661202788,0.114379749,0.856734335,0.744660378,0.261304349,Americas,Latin America and the Caribbean
Honduras,2010,5.866131306,8.474308968,0.802938998,62.299999237,0.645528495,0.101223089,0.819940090,0.745393693,0.259946257,Americas,Latin America and the Caribbean
Honduras,2011,4.961031437,8.491849899,0.765701830,62.099998474,0.783369064,0.091322102,0.883963168,0.756794870,0.307470977,Americas,Latin America and the Caribbean
Honduras,2012,4.602218151,8.512798309,0.779194891,61.900001526,0.700452089,-0.007311854,0.871437132,0.796344340,0.293591261,Americas,Latin America and the Caribbean
Honduras,2013,4.713358402,8.521371841,0.791960239,61.700000763,0.698400378,-0.031263009,0.867699742,0.794984698,0.283281326,Americas,Latin America and the Caribbean
Honduras,2014,5.055726051,8.533008575,0.790214539,61.5,0.695982575,0.011086553,0.834350109,0.794057786,0.299388498,Americas,Latin America and the Caribbean
Honduras,2015,4.845436573,8.552596092,0.772375524,61.299999237,0.534057677,-0.100775450,0.848082721,0.829365373,0.310766160,Americas,Latin America and the Caribbean
Honduras,2016,5.648154736,8.573054314,0.773909986,61.724998474,0.850046694,0.076099269,0.792875171,0.790041089,0.296846688,Americas,Latin America and the Caribbean
Honduras,2017,6.019985676,8.602948189,0.843354940,62.150001526,0.898377419,0.068243355,0.783429444,0.796158135,0.248383343,Americas,Latin America and the Caribbean
Honduras,2018,5.908423901,8.623580933,0.827067018,62.575000763,0.872161686,0.095239170,0.803564787,0.821862280,0.287357897,Americas,Latin America and the Caribbean
Honduras,2019,5.930051327,8.632958412,0.797148347,63,0.846190035,0.058763392,0.814962924,0.789050698,0.278882086,Americas,Latin America and the Caribbean
Honduras,2021,6.113636017,8.625540733,0.805980861,63.849998474,0.835045755,0.110611603,0.847225428,0.807722807,0.269214004,Americas,Latin America and the Caribbean
Honduras,2022,5.931803703,8.649821281,0.728614807,64.275001526,0.851199389,0.078004785,0.834249735,0.774555802,0.288929313,Americas,Latin America and the Caribbean
Honduras,2023,5.860568047,8.669590950,0.731275856,64.699996948,0.878161669,0.078597203,0.783737063,0.767172992,0.285343945,Americas,Latin America and the Caribbean
Hong Kong,2006,5.511187077,10.746400833,0.812177718,,0.909820080,0.149534062,0.355984807,0.591139972,0.235955417,Asia,Eastern Asia
Hong Kong,2008,5.137261868,10.815522194,0.840222418,,0.922211289,0.290214002,0.273945063,0.575072944,0.236634448,Asia,Eastern Asia
Hong Kong,2009,5.397055626,10.788470268,0.834715724,,0.918026328,0.301591933,0.272124708,0.606459022,0.210104212,Asia,Eastern Asia
Hong Kong,2010,5.642834663,10.846611023,0.857314408,,0.890417695,0.325891316,0.255775422,0.600561321,0.183105648,Asia,Eastern Asia
Hong Kong,2011,5.474010944,10.886909485,0.846060157,,0.894330144,0.228478566,0.244886592,0.582491279,0.195711568,Asia,Eastern Asia
Hong Kong,2012,5.483764648,10.892730713,0.826425672,,0.879752457,0.216323942,0.379783154,0.580223143,0.183349267,Asia,Eastern Asia
Hong Kong,2014,5.458050728,10.939480782,0.833558202,,0.843082368,0.217707112,0.422959864,0.602495313,0.242867544,Asia,Eastern Asia
Hong Kong,2016,5.498420715,10.969893456,0.832077920,,0.799743414,0.094129287,0.402812570,0.568554521,0.213114589,Asia,Eastern Asia
Hong Kong,2017,5.362474918,10.999466896,0.831066310,,0.830657244,0.133959398,0.415810198,0.535811782,0.200593412,Asia,Eastern Asia
Hong Kong,2019,5.659317017,10.995277405,0.855825663,,0.726852179,0.061592530,0.431973636,0.519312441,0.357607275,Asia,Eastern Asia
Hong Kong,2020,5.295341492,10.931178093,0.812942982,,0.705452263,-0.075884245,0.380351216,0.521670997,0.210313618,Asia,Eastern Asia
Hong Kong,2021,5.321550846,11.002723694,0.821088552,,0.668630600,0.020678082,0.389589489,0.534147561,0.223565042,Asia,Eastern Asia
Hong Kong,2022,5.311294079,10.976421356,0.803008497,,0.696975470,0.040136624,0.383464396,0.548589468,0.203719839,Asia,Eastern Asia
Hungary,2005,5.193933487,10.102767944,0.929628253,65,0.696874499,,0.902810693,0.578233123,0.290326953,Europe,Eastern Europe
Hungary,2007,4.953917027,10.147346497,0.930653870,65.319999695,0.538498104,-0.166310042,0.895177424,0.600212455,0.230282992,Europe,Eastern Europe
Hungary,2009,4.894600391,10.092379570,0.900874496,65.639999390,0.464373112,-0.130641460,0.914700747,0.575199783,0.227890417,Europe,Eastern Europe
Hungary,2010,4.725132465,10.105344772,0.895693719,65.800003052,0.513835371,-0.150868401,0.983276010,0.574385524,0.234813049,Europe,Eastern Europe
Hungary,2011,4.917602539,10.126674652,0.893662214,65.959999084,0.631100118,-0.094855882,0.939908028,0.586092055,0.304519564,Europe,Eastern Europe
Hungary,2012,4.683358192,10.119257927,0.906113982,66.120002747,0.569231510,-0.142038748,0.930297315,0.581948757,0.315398008,Europe,Eastern Europe
Hungary,2013,4.914466858,10.139876366,0.877318323,66.279998779,0.673728287,-0.118784986,0.911533177,0.646606326,0.306724131,Europe,Eastern Europe
Hungary,2014,5.180563450,10.184020996,0.844735265,66.440002441,0.494474709,-0.155660510,0.855361402,0.577916741,0.237619638,Europe,Eastern Europe
Hungary,2015,5.344383240,10.222802162,0.858733833,66.599998474,0.557721376,-0.203650042,0.907530308,0.649912417,0.244536385,Europe,Eastern Europe
Hungary,2016,5.448901653,10.247524261,0.899511576,66.75,0.553951740,-0.192704231,0.924185812,0.589961708,0.243325770,Europe,Eastern Europe
Hungary,2017,6.065038681,10.292015076,0.876747549,66.900001526,0.661165953,-0.145132914,0.886361301,0.643605471,0.180921271,Europe,Eastern Europe
Hungary,2018,5.935770988,10.345518112,0.940591395,67.050003052,0.692627072,-0.248637363,0.911277413,0.594677150,0.201082885,Europe,Eastern Europe
Hungary,2019,6.000259876,10.393466949,0.946515560,67.199996948,0.798041046,-0.200878933,0.883571446,0.652892768,0.180348128,Europe,Eastern Europe
Hungary,2020,6.038049698,10.349202156,0.943400383,67.349998474,0.770968080,-0.127320081,0.836105108,0.661645353,0.240051940,Europe,Eastern Europe
Hungary,2021,6.226647854,10.422864914,0.947892129,67.5,0.727489948,-0.046104457,0.831555367,0.668148637,0.191949174,Europe,Eastern Europe
Hungary,2022,5.861183167,10.470348358,0.937058866,67.650001526,0.775502026,-0.009392014,0.848249376,0.628221273,0.250135899,Europe,Eastern Europe
Hungary,2023,5.965178013,10.472707748,0.954226375,67.800003052,0.754715323,-0.002145068,0.847480953,0.673011005,0.188588902,Europe,Eastern Europe
Iceland,2008,6.888284206,10.878036499,0.977429569,71.199996948,0.885196149,0.264505446,0.708049297,0.851445079,0.153068438,Europe,Northern Europe
Iceland,2012,7.590660095,10.788086891,0.978965282,71.599998474,0.904654503,0.234577358,0.758585632,0.816949069,0.157153815,Europe,Northern Europe
Iceland,2013,7.501394272,10.823146820,0.967144907,71.699996948,0.923207700,0.298813134,0.712598741,0.802266240,0.156275570,Europe,Northern Europe
Iceland,2015,7.498070717,10.861743927,0.980283201,71.900001526,0.940485120,0.294119060,0.638661802,0.794291139,0.179504439,Europe,Northern Europe
Iceland,2016,7.510034561,10.908992767,0.984940052,71.925003052,0.951609552,0.274389535,0.719299555,0.807857871,0.158169165,Europe,Northern Europe
Iceland,2017,7.476213932,10.926630974,0.966752827,71.949996948,0.938783288,0.239581913,0.726845384,0.823209763,0.148160011,Europe,Northern Europe
Iceland,2019,7.532504559,10.943484306,0.981824577,72,0.959470093,,0.698707938,0.787222624,0.177703530,Europe,Northern Europe
Iceland,2020,7.575489521,10.852078438,0.983286083,72.025001526,0.948627174,0.152217194,0.644063890,0.808147848,0.171795145,Europe,Northern Europe
Iceland,2021,7.564624786,10.878107071,0.979858220,72.050003052,0.923243344,0.256988943,0.664465606,0.805808485,0.159103200,Europe,Northern Europe
Iceland,2022,7.448794365,10.915693283,0.984801114,72.074996948,0.935669005,0.221635014,0.692434132,0.768394172,0.177992821,Europe,Northern Europe
Iceland,2023,7.561609268,10.934166908,0.978788912,72.099998474,0.918376803,0.299156994,0.697474718,0.793062627,0.185020506,Europe,Northern Europe
India,2006,5.348258972,8.141137123,0.707318068,55.860000610,0.773737073,,0.854811728,0.576095998,0.198601618,Asia,Southern Asia
India,2007,5.026793480,8.200288773,0.568992674,56.220001221,0.728892624,-0.056243528,0.862142861,0.541329563,0.252502203,Asia,Southern Asia
India,2008,5.145833015,8.216464996,0.683593154,56.580001831,0.755839646,-0.076933585,0.891188443,0.572613895,0.259315461,Asia,Southern Asia
India,2009,4.521517754,8.278234482,0.652852058,56.939998627,0.678643644,-0.030991057,0.894611061,0.638585687,0.300621331,Asia,Southern Asia
India,2010,4.989277363,8.346015930,0.604809761,57.299999237,0.783060372,0.052840173,0.862548053,0.579225481,0.266502023,Asia,Southern Asia
India,2011,4.634871483,8.383486748,0.552593112,57.659999847,0.837551653,-0.042788167,0.907793522,0.479759604,0.231594488,Asia,Southern Asia
India,2012,4.720146656,8.423292160,0.510574579,58.020000458,0.609320104,0.062360067,0.829614758,0.543506503,0.294841021,Asia,Southern Asia
India,2013,4.427788734,8.472221375,0.552826345,58.380001068,0.740176618,0.079355136,0.832356334,0.608282983,0.330437362,Asia,Southern Asia
India,2014,4.424379349,8.531302452,0.621466637,58.740001678,0.809382915,-0.030642148,0.832141995,0.651042819,0.284582049,Asia,Southern Asia
India,2015,4.342079163,8.596350670,0.610133290,59.099998474,0.777225256,-0.009961412,0.776434958,0.657200933,0.321829438,Asia,Southern Asia
India,2016,4.179177284,8.663831711,0.613529384,59.400001526,0.820068777,0.041141920,0.764722109,0.645889163,0.345681459,Asia,Southern Asia
India,2017,4.046111107,8.718020439,0.606767476,59.700000763,0.885850430,-0.046380542,0.780802786,0.578831077,0.317936778,Asia,Southern Asia
India,2018,3.818068743,8.769686699,0.638051987,60,0.890443385,0.079964511,0.805263340,0.590560198,0.357458085,Asia,Southern Asia
India,2019,3.248769760,8.797416687,0.560780764,60.299999237,0.875540316,0.107808761,0.751979411,0.560403168,0.466335624,Asia,Southern Asia
India,2020,4.223865509,8.727785110,0.616411507,60.599998474,0.906415939,0.067569822,0.780127108,0.686477244,0.383293122,Asia,Southern Asia
India,2021,3.558253765,8.806451797,0.569732904,60.900001526,0.866110921,0.052122686,0.756820023,0.547308445,0.429137886,Asia,Southern Asia
India,2022,3.929816246,8.867334366,0.608045101,61.200000763,0.893131018,0.085464105,0.770741999,0.596354604,0.432264358,Asia,Southern Asia
India,2023,4.676008701,8.919470787,0.632896602,61.5,0.899601042,0.120886922,0.769851804,0.698765099,0.388525695,Asia,Southern Asia
Indonesia,2006,4.946978092,8.839255333,0.770950854,60.319999695,0.713171124,0.342780262,0.915120065,0.715400815,0.265537202,Asia,South-eastern Asia
Indonesia,2007,5.101213932,8.887655258,0.703788102,60.540000916,0.603260338,0.306765974,0.959867001,0.695946157,0.241613194,Asia,South-eastern Asia
Indonesia,2008,4.815309525,8.933032036,0.675075412,60.759998322,0.595633388,0.159502715,0.968211830,0.675309420,0.239270583,Asia,South-eastern Asia
Indonesia,2009,5.472361088,8.965565681,0.779368043,60.979999542,0.783792853,0.185986578,0.910941303,0.767534971,0.192703858,Asia,South-eastern Asia
Indonesia,2010,5.457299232,9.013428688,0.816021502,61.200000763,0.699657559,0.442654878,0.954049587,0.716957510,0.217907995,Asia,South-eastern Asia
Indonesia,2011,5.172608376,9.060741425,0.824977040,61.419998169,0.878287196,0.433000416,0.962294877,0.747676671,0.273416042,Asia,South-eastern Asia
Indonesia,2012,5.367774010,9.106734276,0.833621144,61.639999390,0.770319343,0.349061310,0.961588860,0.763571858,0.228979602,Asia,South-eastern Asia
Indonesia,2013,5.292237759,9.148689270,0.793760836,61.860000610,0.780690789,0.370877981,0.972668588,0.777257264,0.249146357,Asia,South-eastern Asia
Indonesia,2014,5.597375393,9.185947418,0.904827833,62.080001831,0.719413280,0.402708769,0.970144212,0.757046998,0.241678208,Asia,South-eastern Asia
Indonesia,2015,5.042799950,9.222451210,0.809478104,62.299999237,0.779418349,0.465960234,0.945967257,0.796219051,0.274292201,Asia,South-eastern Asia
Indonesia,2016,5.136325359,9.260966301,0.791830599,62.424999237,0.829941630,0.494283438,0.889677405,0.747754455,0.341573596,Asia,South-eastern Asia
Indonesia,2017,5.098401546,9.300356865,0.795589209,62.549999237,0.865026295,0.482244015,0.900416434,0.781277835,0.319171578,Asia,South-eastern Asia
Indonesia,2018,5.340295792,9.341143608,0.809378862,62.674999237,0.879374385,0.506228209,0.867729425,0.796030700,0.295986801,Asia,South-eastern Asia
Indonesia,2019,5.346512794,9.380740166,0.801918030,62.799999237,0.865859151,0.549458742,0.860784769,0.800203919,0.301702797,Asia,South-eastern Asia
Indonesia,2020,4.828147411,9.351465225,0.750896156,62.924999237,0.853326380,0.529078484,0.913812995,0.742214978,0.351377964,Asia,South-eastern Asia
Indonesia,2021,5.433173180,9.380879402,0.816924691,63.049999237,0.884855866,0.540485322,0.845080256,0.798546731,0.272753060,Asia,South-eastern Asia
Indonesia,2022,5.584685802,9.426238060,0.834076643,63.174999237,0.903250694,0.516282499,0.861708522,0.818228722,0.268775225,Asia,South-eastern Asia
Indonesia,2023,5.694869518,9.465581894,0.780544460,63.299999237,0.900427938,0.589554369,0.866237402,0.813895047,0.289472163,Asia,South-eastern Asia
Iran,2005,5.308190346,9.497694016,0.765978038,64.300003052,0.651167691,,0.636490345,0.514641285,0.456109405,Asia,Southern Asia
Iran,2007,5.336371422,9.594892502,0.717592120,64.580001831,0.532619894,0.042898957,0.871643960,0.553412080,0.361320287,Asia,Southern Asia
Iran,2008,5.128988266,9.583679199,0.632628739,64.720001221,0.601222098,0.039843492,0.868343472,0.540651083,0.345182449,Asia,Southern Asia
Iran,2011,4.767507076,9.635751724,0.582237065,65.139999390,0.797573686,0.188378543,0.664581537,0.512540460,0.359067976,Asia,Southern Asia
Iran,2012,4.608927727,9.584786415,0.599542618,65.279998779,0.764418423,,0.677707136,0.529298484,0.524968743,Asia,Southern Asia
Iran,2013,5.139579296,9.554883957,0.663706720,65.419998169,0.730214715,0.201935321,0.685038149,0.574902415,0.551839709,Asia,Southern Asia
Iran,2014,4.682224274,9.584557533,0.644063771,65.559997559,0.766822994,0.227228731,0.639682412,0.549891829,0.511569083,Asia,Southern Asia
Iran,2015,4.749955654,9.547588348,0.572406888,65.699996948,0.780383229,0.163672641,0.698951244,0.548020124,0.519858181,Asia,Southern Asia
Iran,2016,4.652730942,9.613709450,0.566281199,65.849998474,0.773303747,0.176195890,0.712782621,0.592352271,0.525876820,Asia,Southern Asia
Iran,2017,4.716783047,9.626632690,0.714232922,66,0.730635166,0.209770635,0.714941323,0.589897513,0.438533902,Asia,Southern Asia
Iran,2018,4.278117657,9.590757370,0.673764706,66.150001526,0.603319883,0.072635084,0.703439772,0.481677294,0.493148893,Asia,Southern Asia
Iran,2019,5.006145954,9.552820206,0.698293149,66.300003052,0.623282075,0.128281355,0.728306532,0.524720848,0.448525667,Asia,Southern Asia
Iran,2020,4.864528179,9.577228546,0.757218659,66.449996948,0.599594474,0.130297810,0.709901690,0.504636586,0.470245004,Asia,Southern Asia
Iran,2021,4.787814140,9.616117477,0.771469533,66.599998474,0.609310269,0.172106355,0.761170328,0.517929852,0.427163750,Asia,Southern Asia
Iran,2022,4.976995468,9.636131287,0.800070286,66.75,0.570203483,0.209394634,0.766079903,0.521017969,0.465916991,Asia,Southern Asia
Iran,2023,5.004280567,9.650888443,0.809478879,66.900001526,0.615400136,0.253602982,0.764253139,0.533352613,0.424632758,Asia,Southern Asia
Iraq,2008,4.589844704,8.981643677,0.744366288,60.939998627,0.385769367,-0.060961686,0.909881651,0.532274425,0.448168784,Asia,Western Asia
Iraq,2009,4.775316715,8.978890419,0.861746132,60.919998169,0.431467623,-0.197962791,0.854340255,0.504469514,0.403819829,Asia,Western Asia
Iraq,2010,5.065462112,9.009240150,0.854117811,60.900001526,0.419064105,-0.122785158,0.858734667,0.496702403,0.430934399,Asia,Western Asia
Iraq,2011,4.725366116,9.047007561,0.750748634,60.880001068,0.347414047,-0.067558467,0.780027211,0.473191261,0.557098687,Asia,Western Asia
Iraq,2012,4.659508705,9.132593155,0.730118215,60.860000610,0.314564615,-0.017685859,0.789190650,0.410450041,0.449058890,Asia,Western Asia
Iraq,2013,4.725017071,9.159455299,0.728285432,60.840000153,,-0.046793588,0.709726155,,0.554278731,Asia,Western Asia
Iraq,2014,4.541502476,9.126399994,0.725150704,60.819999695,0.646006584,0.002237083,0.726008117,0.538857281,0.563631117,Asia,Western Asia
Iraq,2015,4.493377209,9.145398140,0.684434831,60.799999237,0.599459946,0.020731391,0.762167156,0.478412598,0.581266940,Asia,Western Asia
Iraq,2016,4.412537098,9.249965668,0.718956709,61.275001526,0.666160166,-0.050242610,0.798866451,0.471186787,0.569758058,Asia,Western Asia
Iraq,2017,4.462399006,9.208023071,0.695109367,61.75,0.627722025,0.000740691,0.757108808,0.487017930,0.590538740,Asia,Western Asia
Iraq,2018,4.886400700,9.209845543,0.763508916,62.224998474,0.597822785,-0.069222510,0.886699617,0.551774025,0.482026786,Asia,Western Asia
Iraq,2020,4.785165310,9.087960243,0.707847476,63.174999237,0.700214565,-0.020617973,0.849108756,0.585361362,0.531538904,Asia,Western Asia
Iraq,2021,5.093667984,9.080981255,0.730212867,63.650001526,0.594466746,0.006259761,0.900640011,0.577400565,0.474228501,Asia,Western Asia
Iraq,2022,4.927995682,9.126852036,0.753048241,64.125,0.660884440,0.067890368,0.855206430,0.564686239,0.499243647,Asia,Western Asia
Iraq,2023,5.475371838,9.093181610,0.734168351,64.599998474,0.658408582,-0.017449111,0.851072788,0.586599290,0.468665332,Asia,Western Asia
Ireland,2006,7.144246578,10.984924316,0.967041135,69.620002747,0.943274736,0.234877765,0.472848564,0.814784765,0.208633751,Europe,Northern Europe
Ireland,2008,7.568029881,10.941490173,0.982521713,69.860000610,0.894108713,0.314931840,0.486994654,0.745194614,0.147759244,Europe,Northern Europe
Ireland,2009,7.045911312,10.879031181,0.958702445,69.980003357,0.834729671,0.308256090,0.579600155,0.745341063,0.232698768,Europe,Northern Europe
Ireland,2010,7.257389545,10.890272141,0.972885907,70.099998474,0.856029570,0.341102749,0.618024111,0.762811244,0.200655416,Europe,Northern Europe
Ireland,2011,7.006904125,10.894215584,0.977377594,70.220001221,0.952034354,0.376204252,0.589912653,0.786443889,0.190309450,Europe,Northern Europe
Ireland,2012,6.964645386,10.889922142,0.961785913,70.339996338,0.902194560,0.295172215,0.572632253,0.721398354,0.236661568,Europe,Northern Europe
Ireland,2013,6.760085106,10.895851135,0.955188334,70.459999084,0.883772016,0.324503183,0.558394194,0.744001567,0.245267823,Europe,Northern Europe
Ireland,2014,7.018379211,10.971496582,0.967744648,70.580001831,0.921629548,0.256636351,0.406036258,0.736091077,0.228723049,Europe,Northern Europe
Ireland,2015,6.830125332,11.180142403,0.952942550,70.699996948,0.892276943,0.225984544,0.408756912,0.748266399,0.225349247,Europe,Northern Europe
Ireland,2016,7.040731430,11.188721657,0.958144009,70.800003052,0.874589145,0.168810606,0.398544312,0.744257927,0.211063311,Europe,Northern Europe
Ireland,2017,7.060155392,11.264061928,0.943481982,70.900001526,0.905341148,0.210426301,0.337084740,0.771208107,0.212784126,Europe,Northern Europe
Ireland,2018,6.962335587,11.333506584,0.937862396,71,0.861471593,0.137889087,0.362210244,0.753603339,0.213050067,Europe,Northern Europe
Ireland,2019,7.254841328,11.372811317,0.943726361,71.099998474,0.892458677,0.067266740,0.372803569,0.758422494,0.223299861,Europe,Northern Europe
Ireland,2020,7.034930706,11.422528267,0.960311055,71.199996948,0.882098258,0.000456251,0.355632722,0.752608776,0.246447265,Europe,Northern Europe
Ireland,2021,6.827651978,11.540399551,0.849838138,71.300003052,0.846344113,0.131151393,0.360423386,0.732733727,0.245210573,Europe,Northern Europe
Ireland,2022,6.869863987,11.642819405,0.906079292,71.400001526,0.895009518,0.137684599,0.357812256,0.737860203,0.234125689,Europe,Northern Europe
Ireland,2023,6.816531181,11.675587654,0.921253502,71.5,0.902766407,0.182177886,0.373317093,0.741769552,0.245300189,Europe,Northern Europe
Israel,2006,7.173417091,10.367561340,0.927078903,71.080001831,0.816652834,,0.905374765,0.638606071,0.308495611,Asia,Western Asia
Israel,2007,6.841114998,10.408382416,0.868216813,71.160003662,0.682864070,0.214687407,0.867820978,0.642078578,0.319893599,Asia,Western Asia
Israel,2008,7.261261463,10.422611237,0.859264135,71.239997864,0.662969172,0.133870378,0.898196399,0.635245323,0.349394649,Asia,Western Asia
Israel,2009,7.352979183,10.407501221,0.936573029,71.319999695,0.592529774,0.166971549,0.922718406,0.620061755,0.326583624,Asia,Western Asia
Israel,2010,7.358916283,10.444370270,0.881829858,71.400001526,0.561477900,0.145136788,0.902182698,0.627862692,0.362394363,Asia,Western Asia
Israel,2011,7.433147907,10.480010033,0.892696559,71.480003357,0.722269237,0.135575905,0.891295373,0.654481232,0.384475023,Asia,Western Asia
Israel,2012,7.110854626,10.487095833,0.903415501,71.559997559,0.681439221,0.147289976,0.862327278,0.611278474,0.319231451,Asia,Western Asia
Israel,2013,7.320563316,10.511643410,0.908515871,71.639999390,0.739001632,0.144670218,0.848537862,0.648566186,0.408576161,Asia,Western Asia
Israel,2014,7.400570393,10.530890465,0.889069736,71.720001221,0.706974626,0.087720796,0.818039954,0.567181110,0.271255702,Asia,Western Asia
Israel,2015,7.079411030,10.535632133,0.864130199,71.800003052,0.752783954,0.102507547,0.789429903,0.651632190,0.256258249,Asia,Western Asia
Israel,2016,7.159010887,10.560252190,0.889660776,71.949996948,0.772297323,0.146814689,0.804056585,0.601827323,0.263090223,Asia,Western Asia
Israel,2017,7.331036091,10.582741737,0.916440845,72.099998474,0.768076301,0.138469726,0.792652249,0.620967388,0.276443154,Asia,Western Asia
Israel,2018,6.927178860,10.603372574,0.909595430,72.25,0.724662304,0.047982812,0.770134807,0.611806214,0.282062560,Asia,Western Asia
Israel,2019,7.331779957,10.625003815,0.946010649,72.400001526,0.834491909,0.077703469,0.742867768,0.597811222,0.265891671,Asia,Western Asia
Israel,2020,7.194928169,10.588619232,0.959072173,72.550003052,0.831315815,-0.058966748,0.747639060,0.564403653,0.242825732,Asia,Western Asia
Israel,2021,7.577528000,10.655127525,0.916583240,72.699996948,0.819777012,-0.008337162,0.726003766,0.558294713,0.216542810,Asia,Western Asia
Israel,2022,7.662397385,10.698113441,0.953652740,72.849998474,0.774947405,-0.007090267,0.654698849,0.582625329,0.182902023,Asia,Western Asia
Israel,2023,6.783402443,10.707268715,0.951891184,73,0.797024131,0.146183684,0.635508955,0.484275818,0.515915692,Asia,Western Asia
Italy,2005,6.853783607,10.697854996,0.928000689,70.599998474,0.802194953,,0.943912327,0.606102049,0.294698149,Europe,Southern Europe
Italy,2007,6.574412346,10.722309113,0.912292421,70.800003052,0.684297025,0.107815705,0.922196567,0.649948180,0.303445637,Europe,Southern Europe
Italy,2008,6.779774189,10.706018448,0.879663110,70.900001526,0.543076873,0.043597244,0.945625067,0.587876499,0.267580599,Europe,Southern Europe
Italy,2009,6.333800316,10.647207260,0.880312502,71,0.700550497,0.234779552,0.889984667,0.715410948,0.279377729,Europe,Southern Europe
Italy,2010,6.354238033,10.661119461,0.872384131,71.099998474,0.737738907,-0.065182142,0.921075165,0.535315871,0.235879943,Europe,Southern Europe
Italy,2011,6.057086468,10.666447639,0.913309336,71.199996948,0.567738414,-0.023472495,0.933460951,0.610143721,0.265567929,Europe,Southern Europe
Italy,2012,5.839313984,10.633489609,0.869486630,71.300003052,0.570094943,0.107181028,0.908323646,0.651434124,0.387652248,Europe,Southern Europe
Italy,2013,6.009373665,10.603315353,0.916296065,71.400001526,0.499168754,-0.107938595,0.942639291,0.701823175,0.356616199,Europe,Southern Europe
Italy,2014,6.026585102,10.594094276,0.897899330,71.5,0.623531222,-0.070516631,0.919959545,0.658744931,0.356019616,Europe,Southern Europe
Italy,2015,5.847683907,10.602810860,0.908986509,71.599998474,0.574765742,-0.069849044,0.912753046,0.646101654,0.329209089,Europe,Southern Europe
Italy,2016,5.954524040,10.617362022,0.927212834,71.675003052,0.623741627,-0.086187355,0.902801216,0.632481337,0.339173585,Europe,Southern Europe
Italy,2017,6.198870182,10.635401726,0.919791222,71.75,0.632843256,-0.040705342,0.866667926,0.612839162,0.322846144,Europe,Southern Europe
Italy,2018,6.516526699,10.646517754,0.912656128,71.824996948,0.650009274,-0.026956474,0.887824833,0.597976208,0.402975351,Europe,Southern Europe
Italy,2019,6.445416927,10.662868500,0.838402450,71.900001526,0.709478855,-0.088116989,0.865528047,0.568893611,0.327960074,Europe,Southern Europe
Italy,2020,6.488356113,10.573657990,0.889824033,71.974998474,0.718155444,-0.156709939,0.844094574,0.613840938,0.311002165,Europe,Southern Europe
Italy,2021,6.466744900,10.646746635,0.885533631,72.050003052,0.702845216,-0.096146874,0.862317502,0.634286821,0.318436861,Europe,Southern Europe
Italy,2022,6.258476734,10.687120438,0.869363606,72.125,0.710519016,0.026354488,0.818708301,0.624130607,0.298130304,Europe,Southern Europe
Italy,2023,6.245111942,10.702875137,0.851000845,72.199996948,0.698561907,-0.052536126,0.819012880,0.635907829,0.293422431,Europe,Southern Europe
Côte D'Ivoire,2009,4.197181702,8.181071281,0.667008698,48.900001526,0.759862185,-0.156587139,0.902262032,0.554681003,0.186183736,Africa,Sub-Saharan Africa
Côte D'Ivoire,2013,3.739365578,8.284656525,0.708571136,51.299999237,0.739193261,-0.036707338,0.691117585,0.661407471,0.306065738,Africa,Sub-Saharan Africa
Côte D'Ivoire,2014,3.570368528,8.351089478,0.710991681,51.900001526,0.780773103,-0.086633369,0.671356261,0.603351533,0.290650547,Africa,Sub-Saharan Africa
Côte D'Ivoire,2015,4.445038795,8.394760132,0.703991652,52.5,0.799745500,-0.058823816,0.744249642,0.614115715,0.347228676,Africa,Sub-Saharan Africa
Côte D'Ivoire,2016,4.542545795,8.438225746,0.617400765,53.075000763,0.768789351,-0.048107628,0.757453382,0.692695022,0.378029406,Africa,Sub-Saharan Africa
Côte D'Ivoire,2017,5.037734985,8.483853340,0.661375344,53.650001526,0.732097924,-0.115955144,0.770940244,0.662436187,0.357455790,Africa,Sub-Saharan Africa
Côte D'Ivoire,2018,5.268374920,8.505483627,0.620882571,54.224998474,0.712590039,-0.054104988,0.790966868,0.658914387,0.385631382,Africa,Sub-Saharan Africa
Côte D'Ivoire,2019,5.392012119,8.543317795,0.679386020,54.799999237,0.735711992,-0.021160232,0.799271226,0.663475573,0.425407171,Africa,Sub-Saharan Africa
Côte D'Ivoire,2020,5.256503582,8.535457611,0.613106310,55.375,0.769998014,0.012312427,0.776687264,0.655147433,0.339919090,Africa,Sub-Saharan Africa
Côte D'Ivoire,2021,5.055806637,8.578563690,0.554224849,55.950000763,0.717105269,-0.004342920,0.715896964,0.625795424,0.344690382,Africa,Sub-Saharan Africa
Côte D'Ivoire,2022,4.848673820,8.619275093,0.536297083,56.525001526,0.713349819,-0.008587439,0.742839873,0.628662169,0.399274439,Africa,Sub-Saharan Africa
Côte D'Ivoire,2023,5.336585522,8.655770302,0.622786880,57.099998474,0.753174961,-0.057453293,0.675910711,0.669590771,0.306543082,Africa,Sub-Saharan Africa
Jamaica,2006,6.207881927,9.249233246,0.909083962,66.599998474,0.738236070,-0.011116195,0.945987880,0.752819479,0.200846747,Americas,Latin America and the Caribbean
Jamaica,2011,5.374446392,9.192560196,0.854584217,66.599998474,0.795613527,-0.071254112,0.909116149,0.764462769,0.237158820,Americas,Latin America and the Caribbean
Jamaica,2013,5.708886623,9.181799889,0.864943385,66.599998474,0.793194950,-0.028606374,0.930722296,0.694053054,0.312484860,Americas,Latin America and the Caribbean
Jamaica,2014,5.310538769,9.184566498,0.874231517,66.599998474,0.808973134,-0.008376777,0.861132503,0.708209336,0.309984922,Americas,Latin America and the Caribbean
Jamaica,2017,5.889759064,9.208796501,0.913029850,66.599998474,0.860676348,-0.137951121,0.882796168,0.700021863,0.243399635,Americas,Latin America and the Caribbean
Jamaica,2019,6.309238911,9.234482765,0.877814472,66.599998474,0.890670836,-0.145812511,0.885330021,0.721723378,0.195284143,Americas,Latin America and the Caribbean
Jamaica,2020,5.424990654,9.127867699,0.869553685,66.599998474,0.864777803,-0.152238533,0.836413145,0.712002933,0.266417921,Americas,Latin America and the Caribbean
Jamaica,2021,5.813733578,9.170270920,0.857367575,66.599998474,0.730657279,-0.084343873,0.882744610,0.688595951,0.307878584,Americas,Latin America and the Caribbean
Jamaica,2022,5.870189190,9.211524963,0.868040681,66.599998474,0.874267519,-0.091159478,0.909644067,0.718355298,0.268941343,Americas,Latin America and the Caribbean
Japan,2005,6.515817165,10.551915169,0.927711964,72.400001526,0.867779255,,0.698929727,0.685981691,0.153151050,Asia,Eastern Asia
Japan,2007,6.238197803,10.578493118,0.938148081,72.639999390,0.796054125,-0.097499758,0.809233308,0.683391690,0.206579819,Asia,Eastern Asia
Japan,2008,5.910679340,10.565690994,0.887304068,72.760002136,0.772070050,-0.142415464,0.816475332,0.704691589,0.190774098,Asia,Eastern Asia
Japan,2009,5.844999313,10.507198334,0.888356864,72.879997253,0.729888022,-0.217029005,0.740108192,0.712758899,0.169477880,Asia,Eastern Asia
Japan,2010,6.056752682,10.547181129,0.901924908,73,0.771722376,-0.147305503,0.769557059,0.779219270,0.187703073,Asia,Eastern Asia
Japan,2011,6.262793541,10.549270630,0.916703701,73.120002747,0.814396441,-0.058962438,0.733798981,0.713564217,0.181055471,Asia,Eastern Asia
Japan,2012,5.968216419,10.564521790,0.905295432,73.239997864,0.752831519,,0.692387402,0.708420038,0.171474710,Asia,Eastern Asia
Japan,2013,5.959361553,10.585817337,0.923688352,73.360000610,0.821416557,-0.153920695,0.650498211,0.718607485,0.174621537,Asia,Eastern Asia
Japan,2014,5.922620773,10.590102196,0.900040329,73.480003357,0.838051736,-0.146315277,0.617483139,0.686984003,0.189432830,Asia,Eastern Asia
Japan,2015,5.879684448,10.606649399,0.922657192,73.599998474,0.831694186,-0.162420258,0.654443085,0.702268898,0.176408634,Asia,Eastern Asia
Japan,2016,5.954650879,10.614670753,0.899773836,73.724998474,0.836064637,-0.069452874,0.697639346,0.689583302,0.192402646,Asia,Eastern Asia
Japan,2017,5.910676479,10.632103920,0.881961286,73.849998474,0.849396586,-0.212972492,0.659198642,0.691762567,0.175512180,Asia,Eastern Asia
Japan,2018,5.793575287,10.639785767,0.886431932,73.974998474,0.773472130,-0.268455565,0.686784506,0.649402797,0.185300156,Asia,Eastern Asia
Japan,2019,5.908039093,10.637160301,0.877650917,74.099998474,0.806471527,-0.261006534,0.617187858,0.693276763,0.194410384,Asia,Eastern Asia
Japan,2020,6.117963314,10.596374512,0.887249112,74.224998474,0.806036115,-0.265934646,0.608698547,0.680538237,0.186461002,Asia,Eastern Asia
Japan,2021,6.091324806,10.622172356,0.895737708,74.349998474,0.801350355,-0.213334605,0.669546723,0.674374282,0.189246044,Asia,Eastern Asia
Japan,2022,6.178009987,10.636844635,0.898649931,74.474998474,0.788856983,-0.237366557,0.643009663,0.669616878,0.164663047,Asia,Eastern Asia
Japan,2023,5.910115719,10.653786659,0.842273355,74.599998474,0.776991785,-0.221992657,0.593600094,0.637610435,0.177954867,Asia,Eastern Asia
Jordan,2005,6.294660091,9.282825470,0.920012951,65.800003052,,,0.669726729,0.629833221,0.239559561,Asia,Western Asia
Jordan,2007,5.598057270,9.308220863,0.840606511,66.160003662,0.646079123,-0.116677776,0.663644791,,0.239749968,Asia,Western Asia
Jordan,2008,4.930058002,9.353609085,0.766224205,66.339996338,,-0.133646652,0.709403396,0.655700445,0.331201166,Asia,Western Asia
Jordan,2009,5.999859333,9.380613327,0.899033546,66.519996643,0.770953655,-0.083316624,0.739464462,0.587277114,0.264640778,Asia,Western Asia
Jordan,2010,5.569942474,9.381506920,0.917988896,66.699996948,0.788073123,-0.056642555,,0.564373434,0.343418747,Asia,Western Asia
Jordan,2011,5.539327621,9.383052826,0.877918780,66.879997253,0.759564519,-0.155129790,,0.550933540,0.260324150,Asia,Western Asia
Jordan,2012,5.131996155,9.392827988,0.829496324,67.059997559,0.693142116,-0.175128803,,0.469228566,0.345336407,Asia,Western Asia
Jordan,2013,5.171952724,9.353773117,0.840379238,67.239997864,0.692227006,-0.130632415,,0.597289801,0.286033303,Asia,Western Asia
Jordan,2014,5.333021641,9.269113541,0.816130996,67.419998169,0.728743196,-0.113047607,,0.601867914,0.312646091,Asia,Western Asia
Jordan,2015,5.404593468,9.201573372,0.830443859,67.599998474,0.766517043,-0.050937131,,0.616620958,0.305195779,Asia,Western Asia
Jordan,2016,5.271284580,9.172960281,0.819944739,67.599998474,0.771350622,-0.042012628,,0.597716808,0.311913371,Asia,Western Asia
Jordan,2017,4.808082581,9.172545433,0.814664543,67.599998474,0.766262472,-0.156083867,,0.554431915,0.391505182,Asia,Western Asia
Jordan,2018,4.638933659,9.167902946,0.799544334,67.599998474,0.762420297,-0.189418882,,,,Asia,Western Asia
Jordan,2019,4.452548027,9.162689209,0.792559683,67.599998474,0.725755811,-0.167584807,,,,Asia,Western Asia
Jordan,2020,4.093991756,9.125218391,0.708839893,67.599998474,0.778533459,-0.153593272,,,,Asia,Western Asia
Jordan,2021,3.909149170,9.127314568,0.702918172,67.599998474,0.773113430,-0.148065329,0.655549169,0.479504108,0.429252565,Asia,Western Asia
Jordan,2022,4.355606556,9.139777184,0.774262011,67.599998474,0.759418666,-0.155969545,0.714584589,0.520557344,0.434516966,Asia,Western Asia
Jordan,2023,4.292033195,9.151368141,0.720771194,67.599998474,0.754420400,-0.143365949,0.651288033,0.518383563,0.441703171,Asia,Western Asia
Kazakhstan,2006,5.475948334,9.804372787,0.872088850,58,0.730545938,-0.279744804,0.864982486,0.601881087,0.185065165,Asia,Central Asia
Kazakhstan,2007,5.718553543,9.878193855,0.860892773,58.599998474,0.806299686,-0.251336873,0.865183055,0.556681812,0.178508401,Asia,Central Asia
Kazakhstan,2008,5.886419773,9.891931534,0.839467227,59.200000763,0.726583660,-0.226131931,0.899163663,0.613463759,0.159725860,Asia,Central Asia
Kazakhstan,2009,5.382563114,9.884036064,0.892997801,59.799999237,0.856448293,-0.255246282,0.844568431,0.594705462,0.128599972,Asia,Central Asia
Kazakhstan,2010,5.514286518,9.940361977,0.903786480,60.400001526,0.784851849,-0.220891923,0.822703660,0.655472875,0.148950696,Asia,Central Asia
Kazakhstan,2011,5.735662937,9.997436523,0.904971361,61,0.877888083,-0.241200328,0.801724195,0.622470558,0.154433981,Asia,Central Asia
Kazakhstan,2012,5.759469509,10.030233383,0.891716659,61.599998474,0.839832306,-0.176876605,0.876681805,0.666791737,0.184381500,Asia,Central Asia
Kazakhstan,2013,5.835483074,10.074108124,0.889009714,62.200000763,0.781591058,-0.235036686,0.819989383,0.629011273,0.164444029,Asia,Central Asia
Kazakhstan,2014,5.970097542,10.100523949,0.795293450,62.799999237,0.799462974,-0.001826483,0.805351257,0.670954347,0.169456705,Asia,Central Asia
Kazakhstan,2015,5.949995041,10.097837448,0.931349277,63.400001526,0.740132809,-0.042827900,0.713844299,0.682067513,0.173994005,Asia,Central Asia
Kazakhstan,2016,5.533551693,10.094556808,0.927810669,63.799999237,0.782805562,-0.041889824,0.702016652,0.640658498,0.155414730,Asia,Central Asia
Kazakhstan,2017,5.882351398,10.121134758,0.914093196,64.199996948,0.745243967,-0.040670585,0.755250692,0.697624922,0.171486408,Asia,Central Asia
Kazakhstan,2018,6.007636070,10.148171425,0.936656713,64.599998474,0.840182960,-0.103870273,0.823782980,0.610876977,0.161542282,Asia,Central Asia
Kazakhstan,2019,6.272268295,10.179291725,0.951050103,65,0.852387428,-0.060878053,0.708279192,0.711475492,0.139132932,Asia,Central Asia
Kazakhstan,2020,6.168269157,10.140987396,0.966448963,65.400001526,0.872100115,-0.062426824,0.660798848,0.619988978,0.150359914,Asia,Central Asia
Kazakhstan,2021,6.259634018,10.170093536,0.906053364,65.800003052,0.807489097,0.034342743,0.782494009,0.662836969,0.122301146,Asia,Central Asia
Kazakhstan,2022,6.006279469,10.169433594,0.923373282,66.199996948,0.882937968,0.021587986,0.720168531,0.652438104,0.131948695,Asia,Central Asia
Kazakhstan,2023,6.299432755,10.171749115,0.929064274,66.599998474,0.900705278,0.049508102,0.812061489,0.626281023,0.113802433,Asia,Central Asia
Kenya,2006,4.223234177,8.164324760,0.908798158,51.419998169,0.615886152,-0.034285169,0.860256970,0.657481313,0.198191911,Africa,Sub-Saharan Africa
Kenya,2007,4.575657845,8.200929642,0.841112077,51.939998627,0.749842286,0.039630216,0.798738539,0.698050320,0.161941111,Africa,Sub-Saharan Africa
Kenya,2008,4.015274525,8.173460960,0.826555252,52.459999084,0.620295763,-0.025506899,0.909446537,0.733151376,0.148996606,Africa,Sub-Saharan Africa
Kenya,2009,4.270434856,8.176388741,0.789220333,52.979999542,0.583594739,0.085895598,0.912946522,0.678682506,0.182591587,Africa,Sub-Saharan Africa
Kenya,2010,4.255859375,8.225715637,0.805326462,53.5,0.635457218,0.005158850,0.917921245,0.758244038,0.123201780,Africa,Sub-Saharan Africa
Kenya,2011,4.405310154,8.249103546,0.846307576,54.020000458,0.708659172,0.008963433,0.922664165,0.705513060,0.227972493,Africa,Sub-Saharan Africa
Kenya,2012,4.547335148,8.268518448,0.831410110,54.540000916,0.627654195,0.052789107,0.911273062,0.667211711,0.194177240,Africa,Sub-Saharan Africa
Kenya,2013,3.795383215,8.281694412,0.824806035,55.060001373,0.708332241,0.200699434,0.861003399,0.728745103,0.161331311,Africa,Sub-Saharan Africa
Kenya,2014,4.904579639,8.307733536,0.765436411,55.580001831,0.819018543,0.160584450,0.849194229,0.778699398,0.221096709,Africa,Sub-Saharan Africa
Kenya,2015,4.357617855,8.334213257,0.776923060,56.099998474,0.792990327,0.209296197,0.852549851,0.673485041,0.172422111,Africa,Sub-Saharan Africa
Kenya,2016,4.396127701,8.353463173,0.705921590,56.5,0.748508275,0.287939638,0.828411579,0.729874551,0.225647658,Africa,Sub-Saharan Africa
Kenya,2017,4.475654125,8.369367599,0.714604318,56.900001526,0.853394389,0.224562883,0.854000390,0.753860414,0.230210304,Africa,Sub-Saharan Africa
Kenya,2018,4.655702591,8.403982162,0.706719875,57.299999237,0.821412981,0.281633586,0.844244063,0.746773899,0.236920774,Africa,Sub-Saharan Africa
Kenya,2019,4.618850231,8.434075356,0.675931633,57.700000763,0.817757487,0.300403923,0.794370294,0.727640748,0.250687122,Africa,Sub-Saharan Africa
Kenya,2020,4.546584129,8.411246300,0.673717618,58.099998474,0.702034473,0.251372814,0.836516023,0.738233685,0.296980411,Africa,Sub-Saharan Africa
Kenya,2021,4.464540958,8.464981079,0.702200711,58.5,0.678108215,0.312985718,0.841331422,0.744837940,0.252963096,Africa,Sub-Saharan Africa
Kenya,2022,4.447946548,8.493214607,0.690594971,58.900001526,0.705976129,0.291773140,0.877775729,0.724946558,0.280721039,Africa,Sub-Saharan Africa
Kenya,2023,4.496229172,8.523473740,0.702744722,59.299999237,0.735895038,0.316245854,0.799799323,0.755693913,0.244638190,Africa,Sub-Saharan Africa
Kosovo,2007,5.103906155,,0.847811699,,0.381363839,,0.894462228,0.613723099,0.236699477,Europe,Southern Europe
Kosovo,2008,5.521659851,8.858290672,0.883842647,,,0.093759879,0.849059165,0.499645740,0.317827791,Europe,Southern Europe
Kosovo,2009,5.891432762,8.899381638,0.830426514,,0.506415069,0.202801853,0.967838585,0.527557135,0.168829754,Europe,Southern Europe
Kosovo,2010,5.176601410,8.939566612,0.707958877,,0.451443791,0.170864165,0.967271745,0.672982872,0.117717423,Europe,Southern Europe
Kosovo,2011,4.859501839,8.992258072,0.759101570,,0.588978767,0.003533593,0.919211984,0.603739738,0.124437660,Europe,Southern Europe
Kosovo,2012,5.639588356,9.000282288,0.757147133,,0.635793388,0.027779983,0.949651420,0.561853766,0.099630386,Europe,Southern Europe
Kosovo,2013,6.125758171,9.046239853,0.720750391,,0.568463147,0.114188462,0.935094595,0.649957120,0.202731237,Europe,Southern Europe
Kosovo,2014,5.000375271,9.082123756,0.705632329,,0.441391230,0.009884409,0.775200605,0.551718652,0.205950245,Europe,Southern Europe
Kosovo,2015,5.077460766,9.153251648,0.805270791,,0.561048269,0.177380666,0.850647092,0.684578478,0.179988816,Europe,Southern Europe
Kosovo,2016,5.759412289,9.213439941,0.823802710,,0.827398598,0.120357804,0.940897942,0.588412583,0.149606720,Europe,Southern Europe
Kosovo,2017,6.149199963,9.253032684,0.792087257,,0.857676744,0.112242274,0.925191820,0.616912186,0.185879096,Europe,Southern Europe
Kosovo,2018,6.391825676,9.283142090,0.822406530,,0.889737010,0.264134467,0.922078192,0.642223597,0.170248464,Europe,Southern Europe
Kosovo,2019,6.425144196,9.334190369,0.842511177,,0.841189623,0.241699770,0.920297265,0.611600041,0.140792355,Europe,Southern Europe
Kosovo,2020,6.294414043,9.278607368,0.792374492,,0.879837573,0.301806003,0.909893870,0.592677712,0.201458037,Europe,Southern Europe
Kosovo,2021,6.648499489,9.382963181,0.848838627,,0.840116560,0.258138090,0.842378795,0.578284323,0.116078317,Europe,Southern Europe
Kosovo,2022,6.159853458,9.431036949,0.887639105,,0.864865899,0.207567811,0.845950305,0.549290001,0.142420337,Europe,Southern Europe
Kosovo,2023,6.877792835,9.480271339,0.807212770,,0.899681032,0.285178244,0.810932040,0.682165205,0.139780566,Europe,Southern Europe
Kuwait,2006,6.075547218,11.232564926,0.918950438,68.400001526,0.769072413,-0.242270440,0.328158110,0.788459420,0.182275355,Asia,Western Asia
Kuwait,2009,6.585246086,11.073936462,0.926411927,69,0.818781018,-4.709895165e-06,0.675121784,0.694339871,0.251759946,Asia,Western Asia
Kuwait,2010,6.798151016,10.998427391,0.892722309,69.199996948,0.703019738,-0.038684491,0.486111403,0.686744034,0.203395993,Asia,Western Asia
Kuwait,2011,6.377699375,11.024463654,0.881911993,69.400001526,0.768603504,,0.560423911,0.726206720,0.176825136,Asia,Western Asia
Kuwait,2012,6.221094608,11.011855125,0.888916671,69.599998474,0.934049547,,,0.794144511,0.095490493,Asia,Western Asia
Kuwait,2013,6.480031013,10.951713562,0.861948133,69.800003052,0.750524879,,,0.686251163,0.282628983,Asia,Western Asia
Kuwait,2014,6.180138588,10.925642967,,70,,,,,,Asia,Western Asia
Kuwait,2015,6.146031857,10.893179893,0.823017776,70.199996948,0.821662426,0.076863937,,0.678253472,0.323691428,Asia,Western Asia
Kuwait,2016,5.947194576,10.886990547,0.845222056,70.175003052,0.840967178,-0.079607233,,0.642740011,0.314922988,Asia,Western Asia
Kuwait,2017,6.093905449,10.819924355,0.853491306,70.150001526,0.884181619,-0.009533900,,0.648667634,0.307320803,Asia,Western Asia
Kuwait,2019,6.106119633,10.764578819,0.841519773,70.099998474,0.867273808,-0.106481396,,0.643222094,0.302876323,Asia,Western Asia
Kuwait,2022,6.757829189,10.803009987,0.874363542,70.025001526,0.968580306,0.141548172,,0.737518132,0.156387910,Asia,Western Asia
Kuwait,2023,7.130284309,10.811559677,0.890011191,70,0.897539496,0.136040941,,0.729435086,0.206977695,Asia,Western Asia
Kyrgyzstan,2006,4.641398907,8.185375214,0.844136536,59.919998169,0.677571654,-0.145364672,0.878633499,0.554507732,0.159482509,Asia,Central Asia
Kyrgyzstan,2007,4.697761536,8.257814407,0.833097875,60.340000153,0.683523118,-0.096591152,0.929054797,0.589768171,0.129502580,Asia,Central Asia
Kyrgyzstan,2008,4.736588001,8.328985214,0.792132616,60.759998322,0.719029367,-0.105034523,0.922627032,0.593905568,0.146871641,Asia,Central Asia
Kyrgyzstan,2009,5.069053650,8.345366478,0.854935646,61.180000305,0.698919952,-0.145136982,0.896227479,0.553670108,0.164816961,Asia,Central Asia
Kyrgyzstan,2010,4.996410847,8.328711510,0.885362923,61.599998474,0.720051169,-0.076917745,0.925793588,0.516307354,0.123462550,Asia,Central Asia
Kyrgyzstan,2011,4.921049118,8.374398232,0.891404092,62.020000458,0.747808456,-0.159874782,0.932496965,0.579320967,0.151315898,Asia,Central Asia
Kyrgyzstan,2012,5.207785606,8.356863976,0.856181741,62.439998627,0.702731669,-0.084185600,0.892036796,0.579561055,0.182383269,Asia,Central Asia
Kyrgyzstan,2013,5.402426720,8.440615654,0.850715518,62.860000610,0.755036652,-0.090406179,0.899560452,0.595424235,0.134911180,Asia,Central Asia
Kyrgyzstan,2014,5.252192974,8.460005760,0.898024797,63.279998779,0.736290097,0.350035876,0.896767378,0.617240667,0.185025334,Asia,Central Asia
Kyrgyzstan,2015,4.905375957,8.477441788,0.856584549,63.700000763,0.813175857,0.194431394,0.857725024,0.658385754,0.173476428,Asia,Central Asia
Kyrgyzstan,2016,4.856534004,8.499514580,0.914375484,64.224998474,0.813939214,0.050866004,0.916922808,0.668045878,0.126099676,Asia,Central Asia
Kyrgyzstan,2017,5.629536629,8.526488304,0.882586658,64.75,0.859389782,0.137672693,0.874494493,0.640433192,0.160438314,Asia,Central Asia
Kyrgyzstan,2018,5.297383308,8.543475151,0.898147821,65.275001526,0.944947660,0.261546761,0.907405317,0.616886437,0.203300148,Asia,Central Asia
Kyrgyzstan,2019,5.685220718,8.567575455,0.877027869,65.800003052,0.920436263,-0.007796360,0.884539902,0.624949574,0.207229063,Asia,Central Asia
Kyrgyzstan,2020,6.249586105,8.460876465,0.902222991,66.324996948,0.934885323,0.100570217,0.931317508,0.672106743,0.257813066,Asia,Central Asia
Kyrgyzstan,2021,5.563699722,8.503861427,0.904273272,66.849998474,0.917870820,0.198732153,0.902515590,0.659907758,0.226462573,Asia,Central Asia
Kyrgyzstan,2022,5.667840958,8.555203438,0.926970780,67.375,0.948361576,0.230258167,0.876154184,0.646166146,0.203992382,Asia,Central Asia
Kyrgyzstan,2023,5.909509182,8.573374748,0.946027637,67.900001526,0.943286836,0.145084977,0.899019003,0.681409240,0.165388390,Asia,Central Asia
Laos,2006,5.076225758,8.233675003,0.806987047,55.880001068,0.925082147,0.435170621,0.687814236,0.789511740,0.162684694,Asia,South-eastern Asia
Laos,2007,5.363854885,8.291088104,0.789620697,56.259998322,0.866524875,0.473926276,0.580067098,0.751633048,0.135671452,Asia,South-eastern Asia
Laos,2008,5.044098854,8.350902557,0.807086229,56.639999390,0.886213899,0.411955476,0.637409329,0.727874935,0.201754972,Asia,South-eastern Asia
Laos,2011,4.703749657,8.537691116,0.690877795,57.779998779,0.881633818,0.454007357,0.587321937,0.746239841,0.225278497,Asia,South-eastern Asia
Laos,2012,4.876084805,8.600584030,0.692627907,58.159999847,,0.227443159,,0.740587413,0.386679232,Asia,South-eastern Asia
Laos,2017,4.623140812,8.883399010,0.707335770,59.900001526,0.891000748,0.068111248,0.591616809,0.712308228,0.344225883,Asia,South-eastern Asia
Laos,2018,4.859402180,8.928816795,0.704738140,60.200000763,0.906660974,0.136109173,0.634239852,0.710656404,0.331882507,Asia,South-eastern Asia
Laos,2019,5.196856022,8.967002869,0.729443908,60.5,0.906153440,0.055470001,0.620233715,0.718399763,0.306144267,Asia,South-eastern Asia
Laos,2020,5.284390926,8.957246780,0.660396278,60.799999237,0.915028214,0.136139899,0.747997701,0.713753402,0.358349264,Asia,South-eastern Asia
Laos,2021,4.926521778,8.967883110,0.649893284,61.099998474,0.927041471,0.037478004,0.668031454,0.702153087,0.291677624,Asia,South-eastern Asia
Laos,2022,4.961656570,8.980632782,0.658527434,61.400001526,0.891018689,0.091125228,0.706029177,0.675264895,0.333750486,Asia,South-eastern Asia
Laos,2023,5.486371994,9.005264282,0.678385675,61.700000763,0.904176831,0.099371724,0.723848999,0.679201782,0.335066319,Asia,South-eastern Asia
Latvia,2006,4.709502220,10.042186737,0.884498775,63.099998474,0.640807152,-0.235747769,0.937048614,0.590247095,0.234135449,Europe,Northern Europe
Latvia,2007,4.666971684,10.145130157,0.835508585,63.400001526,0.700174093,-0.173262775,0.923952639,0.594059765,0.246862501,Europe,Northern Europe
Latvia,2008,5.145375252,10.122609138,0.855418265,63.700000763,0.630111456,-0.209763870,0.926328242,0.632725835,0.214901268,Europe,Northern Europe
Latvia,2009,4.668910503,9.985266685,0.806939304,64,0.437064558,-0.186858743,0.942090392,0.536985397,0.242196754,Europe,Northern Europe
Latvia,2011,4.966811657,10.004119873,0.836042464,64.599998474,0.564464450,-0.006409623,0.934255600,0.562926173,0.221713215,Europe,Northern Europe
Latvia,2012,5.125025272,10.084577560,0.851195216,64.900001526,0.563811779,-0.043768160,0.894979358,0.588138819,0.232224524,Europe,Northern Europe
Latvia,2013,5.069770336,10.115168571,0.834022582,65.199996948,0.630507529,-0.078714259,0.836553633,0.604636908,0.227449417,Europe,Northern Europe
Latvia,2014,5.729115486,10.143428802,0.881255507,65.5,0.670653164,-0.048797511,0.803687513,0.604619026,0.225979373,Europe,Northern Europe
Latvia,2015,5.880597591,10.189731598,0.879372418,65.800003052,0.656393170,-0.083627276,0.808400393,0.559270859,0.228137180,Europe,Northern Europe
Latvia,2016,5.940446377,10.222280502,0.917073965,65.900001526,0.685299277,-0.163033709,0.867639601,0.583288550,0.231383532,Europe,Northern Europe
Latvia,2017,5.977817535,10.263731003,0.895098746,66,0.699520111,-0.160807416,0.798378110,0.564854801,0.231753111,Europe,Northern Europe
Latvia,2018,5.901154041,10.310664177,0.913276315,66.099998474,0.608207643,-0.218490034,0.798949242,0.520551920,0.191870555,Europe,Northern Europe
Latvia,2019,5.969753742,10.342988968,0.935501277,66.199996948,0.697935104,-0.200370580,0.789227486,0.537305117,0.211630687,Europe,Northern Europe
Latvia,2020,6.229008675,10.327725410,0.928012192,66.300003052,0.820111692,-0.085574336,0.808821976,0.673573732,0.201582372,Europe,Northern Europe
Latvia,2021,6.353090763,10.375994682,0.954086423,66.400001526,0.815278113,-0.103939414,0.839525342,0.716414034,0.185934260,Europe,Northern Europe
Latvia,2022,6.054838181,10.396153450,0.928089976,66.5,0.817082405,0.017751677,0.844229579,0.631815553,0.160736203,Europe,Northern Europe
Latvia,2023,6.295644760,10.407550812,0.931972980,66.599998474,0.815522492,0.058893804,0.799862325,0.671201527,0.256692886,Europe,Northern Europe
Lebanon,2005,5.491245270,9.571391106,0.796278358,65.099998474,0.703205824,,0.945177019,0.558134913,0.292149812,Asia,Western Asia
Lebanon,2006,4.653103828,9.570357323,0.853151023,65.160003662,0.670193553,0.063535929,0.901959538,0.501354635,0.319716394,Asia,Western Asia
Lebanon,2008,4.594851017,9.711268425,0.717357397,65.279998779,0.524062514,0.031155434,0.926725864,0.475367010,0.365417570,Asia,Western Asia
Lebanon,2009,5.205998898,9.795774460,0.736411929,65.339996338,0.664733827,0.067436725,0.937024593,0.471758723,0.401288748,Asia,Western Asia
Lebanon,2010,5.031899452,9.863524437,0.721424758,65.400001526,0.677638710,0.068218276,0.949062884,0.457453609,0.341205537,Asia,Western Asia
Lebanon,2011,5.187571526,9.862348557,0.732914627,65.459999084,0.657106042,-0.001709644,0.910560846,0.506424606,0.320167035,Asia,Western Asia
Lebanon,2012,4.572566986,9.861598015,0.712611496,65.519996643,0.620627165,-0.015888540,0.855777562,0.442211181,0.338856846,Asia,Western Asia
Lebanon,2013,4.983288765,9.806897163,0.708228052,65.580001831,0.654868305,-0.012098598,0.920827806,0.446394682,0.409337312,Asia,Western Asia
Lebanon,2014,5.233025551,9.731715202,0.758719444,65.639999390,0.657207966,-0.017433776,0.939358175,0.524522364,0.267213225,Asia,Western Asia
Lebanon,2015,5.171971321,9.716663361,0.741707742,65.699996948,0.596749783,0.065664135,0.888953269,0.524464548,0.242553964,Asia,Western Asia
Lebanon,2016,5.270723820,9.754262924,0.827885926,65.775001526,0.657357454,0.020841213,0.853114486,0.512747288,0.263445616,Asia,Western Asia
Lebanon,2017,5.153989792,9.787406921,0.776583016,65.849998474,0.604554176,-0.087547764,0.910727262,0.469468743,0.243549213,Asia,Western Asia
Lebanon,2018,5.167186737,9.794652939,0.829380631,65.925003052,0.607030690,-0.081176855,0.906650305,0.415106893,0.270688891,Asia,Western Asia
Lebanon,2019,4.024219513,9.751794815,0.865968525,66,0.447001487,-0.097874761,0.890415609,0.307577401,0.494499028,Asia,Western Asia
Lebanon,2020,2.633752584,9.531790733,0.546599805,66.074996948,0.551600993,-0.138668329,0.883976877,0.352248639,0.481800169,Asia,Western Asia
Lebanon,2021,2.178809404,9.471697807,0.506775260,66.150001526,0.422696680,-0.163790867,0.905279100,0.263486832,0.569100618,Asia,Western Asia
Lebanon,2022,2.352427721,9.458017349,0.534528434,66.224998474,0.449575424,-0.130110294,0.882995963,0.297508448,0.429902762,Asia,Western Asia
Lebanon,2023,3.587908268,9.471325874,0.685645521,66.300003052,0.499205798,-0.102335311,0.895419359,0.373126566,0.385294825,Asia,Western Asia
Lesotho,2011,4.897514820,7.785040379,0.824085355,41.520000458,0.618259728,-0.092592224,0.767675638,0.754062176,0.170009926,Africa,Sub-Saharan Africa
Lesotho,2016,3.808204889,7.896602631,0.798059285,42.25,0.729489863,-0.099940911,0.742873371,0.684949994,0.270283490,Africa,Sub-Saharan Africa
Lesotho,2017,3.795300722,7.852320194,0.768551648,42.900001526,0.756505191,-0.144356936,0.796859443,0.706036747,0.255303085,Africa,Sub-Saharan Africa
Lesotho,2019,3.511780500,7.804670334,0.789705396,44.200000763,0.716313541,-0.127021894,0.914951444,0.707126319,0.273425519,Africa,Sub-Saharan Africa
Lesotho,2022,3.186162472,7.732828140,0.679566681,46.150001526,0.709102929,-0.102413006,0.815030158,0.709479988,0.288018942,Africa,Sub-Saharan Africa
Liberia,2007,3.701401234,7.178884983,0.593731701,51.860000610,0.790374219,0.111470148,0.775734663,0.599677563,0.435410291,Africa,Sub-Saharan Africa
Liberia,2008,4.221354008,7.207139969,0.618692517,51.939998627,0.724082768,-0.038344655,0.839667678,0.629001737,0.261133134,Africa,Sub-Saharan Africa
Liberia,2010,4.196063042,7.257479191,0.827098727,52.099998474,0.819005370,-0.043179851,0.818429530,0.548855722,0.216883108,Africa,Sub-Saharan Africa
Liberia,2014,4.571419239,7.386387348,0.708301783,52.419998169,0.590450883,-0.034524504,0.868966281,0.565419495,0.442859620,Africa,Sub-Saharan Africa
Liberia,2015,2.701591253,7.365847588,0.637665987,52.5,0.671430886,-0.066510834,0.902672648,0.519482315,0.388488621,Africa,Sub-Saharan Africa
Liberia,2016,3.354676008,7.330049992,0.642614603,53.099998474,0.763476014,0.027643111,0.901267469,0.625466764,0.509046674,Africa,Sub-Saharan Africa
Liberia,2017,4.424490929,7.335249901,0.684866846,53.700000763,0.733389914,-0.017873023,0.866806388,0.673801899,0.391330540,Africa,Sub-Saharan Africa
Liberia,2018,4.134852886,7.327605247,0.726750135,54.299999237,0.765769541,0.043704376,0.867924094,0.664399087,0.436099499,Africa,Sub-Saharan Africa
Liberia,2019,5.121460915,7.283199310,0.712473750,54.900001526,0.705874562,0.044265334,0.828468978,0.644704163,0.389132589,Africa,Sub-Saharan Africa
Liberia,2022,4.042260170,7.286824226,0.596891046,56.700000763,0.731640577,0.149962351,0.828494132,0.636873662,0.438816667,Africa,Sub-Saharan Africa
Liberia,2023,4.493915081,7.308547020,0.629509866,57.299999237,0.719752908,0.038619265,0.834177256,0.608362913,0.428341955,Africa,Sub-Saharan Africa
Libya,2012,5.754394054,10.380184174,0.854930937,65.139999390,0.711518884,-0.076037012,0.790556133,0.633086085,0.316149682,Africa,Northern Africa
Libya,2015,5.615404606,9.857912064,0.867987692,64.300003052,0.774544954,-0.089146964,,0.651638031,0.368905216,Africa,Northern Africa
Libya,2016,5.433583260,9.828466415,0.876065850,64.525001526,0.822384834,-0.135230243,,0.644933641,0.383073747,Africa,Northern Africa
Libya,2017,5.646852493,10.094641685,0.822758794,64.75,0.778695881,-0.068278141,0.673065543,0.643042386,0.379374176,Africa,Northern Africa
Libya,2018,5.493977547,10.155574799,0.824165165,64.974998474,0.780558527,-0.145536587,0.645838797,0.635468781,0.398903102,Africa,Northern Africa
Libya,2019,5.330222130,10.022844315,0.826719344,65.199996948,0.761964321,-0.106712773,0.686412990,0.628867805,0.400737435,Africa,Northern Africa
Libya,2022,5.760273933,9.893264771,0.813247859,65.875,0.761348307,-0.042852487,0.667988777,0.627254009,0.398640066,Africa,Northern Africa
Libya,2023,5.970288754,,0.748156548,66.099998474,0.762222886,,0.643733323,0.584836006,0.372077763,Africa,Northern Africa
Lithuania,2006,5.954442978,10.042292595,0.930439949,63.5,0.567254603,-0.300663680,0.966878653,0.566560030,0.253998250,Europe,Northern Europe
Lithuania,2007,5.808284760,10.159500122,0.940791965,63.700000763,0.589662313,-0.287421525,0.966326058,0.522942126,0.279184252,Europe,Northern Europe
Lithuania,2008,5.553925991,10.195592880,0.913667440,63.900001526,0.621060073,-0.265065968,0.960843027,0.501196086,0.275795698,Europe,Northern Europe
Lithuania,2009,5.466920853,10.046073914,0.932608962,64.099998474,0.495955795,-0.308756173,0.978800118,0.525221646,0.270837814,Europe,Northern Europe
Lithuania,2010,5.065824986,10.083421707,0.881810606,64.300003052,0.519352257,-0.280562818,0.962167203,0.462606311,0.272029310,Europe,Northern Europe
Lithuania,2011,5.432437420,10.164642334,0.911411285,64.5,0.565797269,-0.153628841,0.963511646,0.555819511,0.274636686,Europe,Northern Europe
Lithuania,2012,5.771037102,10.215772629,0.918690145,64.699996948,0.503027141,-0.278951526,0.956959248,0.556552887,0.277385563,Europe,Northern Europe
Lithuania,2013,5.595689297,10.260778427,0.912514150,64.900001526,0.555815279,-0.242357612,0.936335504,0.539511204,0.293728739,Europe,Northern Europe
Lithuania,2014,6.125723839,10.304135323,0.908239841,65.099998474,0.507947206,-0.269215733,0.956347883,0.564930737,0.286910683,Europe,Northern Europe
Lithuania,2015,5.711378098,10.333586693,0.928523540,65.300003052,0.641470194,-0.259416133,0.924174070,0.533641696,0.276451677,Europe,Northern Europe
Lithuania,2016,5.865552425,10.371170044,0.937873363,65.650001526,0.614239335,-0.272096306,0.949392676,0.552628219,0.249855742,Europe,Northern Europe
Lithuania,2017,6.272940636,10.427087784,0.926316619,66,0.749307334,-0.179372266,0.789709866,0.590111554,0.195118830,Europe,Northern Europe
Lithuania,2018,6.308878899,10.475785255,0.929350138,66.349998474,0.698945105,-0.242734030,0.851745069,0.518092513,0.213559717,Europe,Northern Europe
Lithuania,2019,6.064097881,10.523646355,0.917577505,66.699996948,0.780266464,-0.257844418,0.782501221,0.568049610,0.276054353,Europe,Northern Europe
Lithuania,2020,6.391378880,10.523158073,0.952544093,67.050003052,0.824060559,-0.129142627,0.829204798,0.626345754,0.201912001,Europe,Northern Europe
Lithuania,2021,6.864572525,10.579117775,0.928175211,67.400001526,0.707402527,-0.121201649,0.877800763,0.666993320,0.191300765,Europe,Northern Europe
Lithuania,2022,7.037577152,10.586402893,0.937096536,67.75,0.709662259,-0.191582441,0.684991181,0.471465677,0.131619066,Europe,Northern Europe
Lithuania,2023,6.552654266,10.575328827,0.881319046,68.099998474,0.733974993,-0.232166827,0.751126111,0.493286520,0.200586647,Europe,Northern Europe
Luxembourg,2009,6.957920074,11.628306389,0.938559353,70.300003052,0.939101696,0.115967147,0.431606978,0.713410318,0.238021523,Europe,Western Europe
Luxembourg,2010,7.097251892,11.646966934,0.952371716,70.5,0.908303082,0.085595392,0.423341334,0.717743278,0.216064394,Europe,Western Europe
Luxembourg,2011,7.101400375,11.635128975,0.934090614,70.699996948,0.961830735,0.096667051,0.388170600,0.743698657,0.200136617,Europe,Western Europe
Luxembourg,2012,6.964097023,11.627477646,0.913907707,70.900001526,0.916520953,0.048048589,0.402753204,0.725599825,0.227411717,Europe,Western Europe
Luxembourg,2013,7.130809307,11.635591507,0.916683257,71.099998474,0.789655447,-0.064535126,0.300811768,0.600760520,0.184799984,Europe,Western Europe
Luxembourg,2014,6.891127110,11.637914658,0.875469446,71.300003052,0.937987685,0.096714847,0.366286784,0.760254264,0.170409396,Europe,Western Europe
Luxembourg,2015,6.701571465,11.636758804,0.933604598,71.5,0.932256401,0.044370703,0.375390470,0.727877915,0.193050340,Europe,Western Europe
Luxembourg,2016,6.967340946,11.663787842,0.941260576,71.525001526,0.882365346,0.010685492,0.356336325,0.706498742,0.192300707,Europe,Western Europe
Luxembourg,2017,7.061380863,11.652564049,0.905435503,71.550003052,0.902821720,0.036434427,0.330173582,0.725731790,0.184467003,Europe,Western Europe
Luxembourg,2018,7.242630959,11.645395279,0.902192414,71.574996948,0.883929849,-0.028108088,0.385146111,0.714694262,0.201894343,Europe,Western Europe
Luxembourg,2019,7.404015541,11.648701668,0.912104547,71.599998474,0.930321217,-0.051407803,0.389598429,0.741738081,0.211639807,Europe,Western Europe
Luxembourg,2022,7.227934837,11.657387733,0.877916992,71.675003052,0.915109932,0.022855919,0.345176458,0.718450427,0.218083575,Europe,Western Europe
Luxembourg,2023,7.016062260,11.648711205,0.879195333,71.699996948,0.910813272,0.033439770,0.343210787,0.750700474,0.194495305,Europe,Western Europe
Madagascar,2006,3.979751348,7.351137161,0.711134732,54.139999390,,-0.041854814,,0.562594175,0.161333442,Africa,Sub-Saharan Africa
Madagascar,2008,4.640079021,7.413260937,0.775688589,54.619998932,0.332436115,-0.102579169,0.773066521,0.582536519,0.214525178,Africa,Sub-Saharan Africa
Madagascar,2011,4.381415367,7.308839321,0.818402648,55.340000153,0.545555592,-0.065020561,0.897100151,0.516020477,0.234825984,Africa,Sub-Saharan Africa
Madagascar,2012,3.550609589,7.311224937,0.673088312,55.580001831,0.487007886,-0.058005959,0.853590488,0.587817192,0.193977416,Africa,Sub-Saharan Africa
Madagascar,2013,3.815607071,7.307251930,0.672546744,55.819999695,0.479550391,-0.021556407,0.867707670,0.600077331,0.241230845,Africa,Sub-Saharan Africa
Madagascar,2014,3.675626993,7.313827515,0.655214131,56.060001373,0.528805017,-0.026291067,0.791055620,0.641383529,0.192181751,Africa,Sub-Saharan Africa
Madagascar,2015,3.592514038,7.318787575,0.646716535,56.299999237,0.544753611,-0.044008072,0.860953391,0.674233139,0.226243451,Africa,Sub-Saharan Africa
Madagascar,2016,3.663085938,7.332082748,0.746496975,56.549999237,0.569645405,-0.072243385,0.864171147,0.669859111,0.204255417,Africa,Sub-Saharan Africa
Madagascar,2017,4.078620434,7.344820023,0.626331985,56.799999237,0.570347905,-0.036630675,0.847260773,0.701161802,0.374838024,Africa,Sub-Saharan Africa
Madagascar,2018,4.070586681,7.350723267,0.665512979,57.049999237,0.551473081,0.000117579,0.889145672,0.723371804,0.362013817,Africa,Sub-Saharan Africa
Madagascar,2019,4.339087486,7.368637085,0.700610101,57.299999237,0.549535215,-0.014780361,0.719982684,0.698719621,0.303959668,Africa,Sub-Saharan Africa
Madagascar,2022,4.019134045,7.314873695,0.642429352,58.049999237,0.523492694,0.070039973,0.740402877,0.686895013,0.345107347,Africa,Sub-Saharan Africa
Madagascar,2023,4.433000565,7.332643032,0.692404687,58.299999237,0.503715992,0.095864549,0.783530712,0.718467414,0.389158159,Africa,Sub-Saharan Africa
Malawi,2006,3.829868078,7.014667988,0.553878903,45.360000610,0.767141640,0.171221122,0.676439166,0.608673573,0.222251549,Africa,Sub-Saharan Africa
Malawi,2007,4.891036510,7.077990532,0.600266993,46.419998169,0.909993827,0.173183560,0.691305459,0.691453099,0.175514221,Africa,Sub-Saharan Africa
Malawi,2009,5.148239613,7.173773289,0.718450010,48.540000916,0.879161239,0.146983579,0.688926280,0.694449782,0.130396396,Africa,Sub-Saharan Africa
Malawi,2011,3.946062565,7.230845451,0.612736762,50.659999847,0.733463824,0.069757029,0.852994204,0.619638383,0.268474787,Africa,Sub-Saharan Africa
Malawi,2012,4.279269695,7.221341133,0.603725672,51.720001221,0.637362719,0.140231505,0.885784984,0.717376053,0.200462922,Africa,Sub-Saharan Africa
Malawi,2013,4.035084248,7.245964527,0.563161552,52.779998779,0.751995265,0.049327850,0.856666088,0.699051321,0.247828677,Africa,Sub-Saharan Africa
Malawi,2014,4.563080311,7.272803783,0.511616111,53.840000153,0.785766721,0.031983431,0.824017882,0.652700365,0.262713403,Africa,Sub-Saharan Africa
Malawi,2015,3.867638350,7.272827625,0.494381636,54.900001526,0.801390707,0.028963029,0.834825397,0.602146029,0.259763956,Africa,Sub-Saharan Africa
Malawi,2016,3.476492643,7.270342350,0.524299622,55.450000763,0.809884131,0.036747385,0.823615015,0.584088564,0.324738920,Africa,Sub-Saharan Africa
Malawi,2017,3.416862965,7.282608032,0.555422723,56,0.847920775,-0.004201134,0.734636605,0.591678917,0.312088341,Africa,Sub-Saharan Africa
Malawi,2018,3.334633589,7.298732281,0.527843475,56.549999237,0.798915148,0.042812727,0.765963793,0.548135459,0.364894032,Africa,Sub-Saharan Africa
Malawi,2019,3.869123697,7.324953556,0.548956096,57.099998474,0.764864206,-0.027021930,0.680247962,0.516828775,0.348162442,Africa,Sub-Saharan Africa
Malawi,2021,3.635283232,7.307291985,0.557914317,58.200000763,0.757269025,-0.013745973,0.740276992,0.550894737,0.325555235,Africa,Sub-Saharan Africa
Malawi,2022,3.355563402,7.290892601,0.503325164,58.75,0.743571639,0.017196402,0.754926443,0.535636544,0.328764439,Africa,Sub-Saharan Africa
Malawi,2023,3.272091866,7.278899193,0.469851524,59.299999237,0.738372207,0.014071166,0.745269656,0.519979954,0.338397563,Africa,Sub-Saharan Africa
Malaysia,2006,6.011716843,9.827419281,0.865899801,65.080001831,0.836765766,0.196234465,0.739797235,0.687222064,0.242824569,Asia,South-eastern Asia
Malaysia,2007,6.238904476,9.866742134,0.871497095,65.160003662,0.843627632,0.084642775,0.799052060,0.719230771,0.162261575,Asia,South-eastern Asia
Malaysia,2008,5.806781769,9.893046379,0.802811384,65.239997864,0.779565990,0.039717209,0.883765519,0.727531135,0.185744986,Asia,South-eastern Asia
Malaysia,2009,5.384701729,9.858006477,0.791666389,65.319999695,0.874319792,-0.013195826,0.858095229,0.740035117,0.163549751,Asia,South-eastern Asia
Malaysia,2010,5.580281734,9.912044525,0.839095771,65.400001526,0.769190669,0.027899755,0.843691051,0.752467334,0.191947669,Asia,South-eastern Asia
Malaysia,2011,5.786367416,9.947519302,0.770422995,65.480003357,0.840359092,-0.020707568,0.841504574,0.785432994,0.154874966,Asia,South-eastern Asia
Malaysia,2012,5.914283752,9.984627724,0.841218948,65.559997559,0.848071814,0.012770441,0.846618474,0.744375229,0.176881894,Asia,South-eastern Asia
Malaysia,2013,5.770199776,10.014621735,0.830900133,65.639999390,0.791310430,0.259914339,0.755383492,0.664112806,0.316551626,Asia,South-eastern Asia
Malaysia,2014,5.962921619,10.057424545,0.863067031,65.720001221,0.808384359,0.235280499,0.844815433,0.710559785,0.260893494,Asia,South-eastern Asia
Malaysia,2015,6.322121143,10.092091560,0.817616284,65.800003052,0.674594462,0.218351528,0.837892234,0.732742906,0.313732743,Asia,South-eastern Asia
Malaysia,2018,5.338817596,10.197492599,0.789408565,65.724998474,0.874548256,0.123329587,0.894131124,0.716042221,0.200366735,Asia,South-eastern Asia
Malaysia,2019,5.427954197,10.228262901,0.842498839,65.699996948,0.915778697,0.119171992,0.781943917,0.734578729,0.176071689,Asia,South-eastern Asia
Malaysia,2020,6.014198780,10.159329414,0.796895385,65.675003052,0.877859235,0.095674768,0.746997535,0.721455097,0.288135022,Asia,South-eastern Asia
Malaysia,2021,6.010391712,10.178584099,0.794051170,65.650001526,0.878362298,0.217702761,0.769417465,0.728383660,0.183198214,Asia,South-eastern Asia
Malaysia,2022,6.048006535,10.251160622,0.814689398,65.625,0.956837296,0.207741767,0.789022505,0.766981781,0.190686181,Asia,South-eastern Asia
Malaysia,2023,5.868102074,10.282802582,0.778558314,65.599998474,0.964831710,0.153567985,0.753640354,0.760988891,0.194880694,Asia,South-eastern Asia
Maldives,2018,5.197574615,9.892906189,0.913315058,69.775001526,0.854759276,0.013449509,,,,Asia,Southern Asia
Mali,2006,4.014075756,7.561395168,0.761116147,49.939998627,0.555075645,-0.074618995,0.761045754,0.747596443,0.208562687,Africa,Sub-Saharan Africa
Mali,2008,4.114664078,7.576493740,0.746600628,50.619998932,0.494840056,-0.014989537,0.917589664,0.717300117,0.164490670,Africa,Sub-Saharan Africa
Mali,2009,3.976598501,7.590881824,0.732557058,50.959999084,0.633815944,0.005445298,0.819207728,0.728791058,0.149751499,Africa,Sub-Saharan Africa
Mali,2010,3.762305021,7.610160351,0.750922263,51.299999237,0.749049723,-0.030749515,0.810591161,0.764216900,0.161666170,Africa,Sub-Saharan Africa
Mali,2011,4.666832924,7.609437943,0.795505047,51.639999390,0.822847605,-0.103484303,0.726062477,0.751705825,0.131821230,Africa,Sub-Saharan Africa
Mali,2012,4.313016891,7.571854591,0.823435068,51.979999542,0.704219282,-0.091024645,0.786719501,0.647199988,0.109447502,Africa,Sub-Saharan Africa
Mali,2013,3.676277161,7.565345287,0.819691420,52.319999695,0.664711058,-0.056018293,0.754807353,0.716894388,0.192900717,Africa,Sub-Saharan Africa
Mali,2014,3.974714279,7.602088451,0.843123436,52.659999847,0.651513875,-0.039934594,0.657930553,0.721907437,0.185634121,Africa,Sub-Saharan Africa
Mali,2015,4.582098484,7.630509377,0.830189168,53,0.633753538,-0.069921888,0.800046742,0.695829928,0.243003011,Africa,Sub-Saharan Africa
Mali,2016,4.016027927,7.655478954,0.836254537,53.400001526,0.696007371,-0.072118282,0.862326682,0.738429368,0.305299431,Africa,Sub-Saharan Africa
Mali,2017,4.741850376,7.675010204,0.741359413,53.799999237,0.753213346,-0.071506597,0.862655163,0.664621234,0.392784148,Africa,Sub-Saharan Africa
Mali,2018,4.415729523,7.689634323,0.691859066,54.200000763,0.737204552,-0.035878658,0.793091416,0.688584208,0.369648188,Africa,Sub-Saharan Africa
Mali,2019,4.987991810,7.704833031,0.754558086,54.599998474,0.670405090,-0.039548751,0.846340001,0.645860672,0.357764512,Africa,Sub-Saharan Africa
Mali,2020,4.269473553,7.660975456,0.567915261,55,0.645313561,-0.068827532,0.894637346,0.647650242,0.439628124,Africa,Sub-Saharan Africa
Mali,2021,4.113095760,7.659465313,0.573393524,55.400001526,0.672789276,-0.003661481,0.901567280,0.639572978,0.438466877,Africa,Sub-Saharan Africa
Mali,2022,4.210547924,7.664724350,0.641625226,55.799999237,0.817642868,-0.024035592,0.745646715,0.655434608,0.407665402,Africa,Sub-Saharan Africa
Mali,2023,4.369976044,7.673252106,0.641085267,56.200000763,0.775947094,-0.043414708,0.789678037,0.660170138,0.324474365,Africa,Sub-Saharan Africa
Malta,2009,6.327639580,10.352514267,0.915772140,70.220001221,0.803179801,0.456184208,,0.625680208,0.357874334,Europe,Southern Europe
Malta,2010,5.773874760,10.401556015,0.908321500,70.400001526,0.802044392,0.277993590,,0.623710990,0.375302672,Europe,Southern Europe
Malta,2011,6.154718399,10.401969910,0.922639728,70.580001831,0.881921828,0.287677854,,0.637833834,0.339702874,Europe,Southern Europe
Malta,2012,5.962872028,10.433339119,0.921752036,70.760002136,0.860689878,0.343095094,,0.638694704,0.390503973,Europe,Southern Europe
Malta,2013,6.379924774,10.472583771,0.942231417,70.940002441,0.909436285,0.400474340,,0.629010856,0.369558126,Europe,Southern Europe
Malta,2014,6.452117920,10.526174545,0.941215873,71.120002747,0.903936625,0.395181179,0.669645309,0.605655909,0.352065593,Europe,Southern Europe
Malta,2015,6.613394260,10.594051361,0.918764889,71.300003052,0.912178040,0.339016110,0.663886309,0.640534222,0.355040580,Europe,Southern Europe
Malta,2016,6.590842247,10.604417801,0.930369377,71.349998474,0.916023612,0.339051813,0.696494639,0.644831896,0.355443776,Europe,Southern Europe
Malta,2017,6.675665855,10.680718422,0.937331796,71.400001526,0.923642933,0.243530750,0.690494537,0.665943563,0.302443117,Europe,Southern Europe
Malta,2018,6.909710884,10.705389023,0.931541502,71.449996948,0.927340686,0.170255825,0.595199883,0.666130424,0.295698792,Europe,Southern Europe
Malta,2019,6.732977390,10.733817101,0.921578526,71.5,0.923966825,0.077094093,0.689410567,0.641677618,0.356243938,Europe,Southern Europe
Malta,2020,6.156822681,10.621644020,0.937920272,71.550003052,0.930600464,-0.005286606,0.674626350,0.576041937,0.410913229,Europe,Southern Europe
Malta,2021,6.443715096,10.727039337,0.897113085,71.599998474,0.889073849,0.238524720,0.752515912,0.635253549,0.375325114,Europe,Southern Europe
Malta,2022,6.299238205,10.783935547,0.932082772,71.650001526,0.837544084,0.246261328,0.757539809,0.671103597,0.370075017,Europe,Southern Europe
Malta,2023,6.294854641,,0.911656141,71.699996948,0.850814700,,0.780030906,0.643815637,0.361335605,Europe,Southern Europe
Mauritania,2007,4.149043083,8.528328896,0.681909025,56.5,0.572888374,-0.076884784,0.586450517,0.732085705,0.174228683,Africa,Sub-Saharan Africa
Mauritania,2008,4.248075008,8.500013351,0.670252621,56.799999237,0.593264878,-0.023257101,0.840947509,0.747175515,0.176086441,Africa,Sub-Saharan Africa
Mauritania,2009,4.500431538,8.473753929,0.819333792,57.099998474,0.735071182,0.033849187,0.848293781,0.717251658,0.169828594,Africa,Sub-Saharan Africa
Mauritania,2010,4.772306919,8.470888138,0.856507838,57.400001526,0.668930590,0.049623881,0.727364480,0.737156510,0.128675625,Africa,Sub-Saharan Africa
Mauritania,2011,4.784804344,8.481584549,0.750276566,57.700000763,0.566920221,0.046541862,0.746937871,0.729369521,0.174862579,Africa,Sub-Saharan Africa
Mauritania,2012,4.673203945,8.494066238,0.763332725,58,0.487372756,-0.026484760,0.707005799,0.749466240,0.163681492,Africa,Sub-Saharan Africa
Mauritania,2013,4.199015141,8.505774498,0.741155803,58.299999237,0.602800250,-0.083960749,0.675553739,0.742709339,0.195690349,Africa,Sub-Saharan Africa
Mauritania,2014,4.482805252,8.521212578,0.852777958,58.599998474,0.468318135,-0.059652638,0.589483082,0.743177891,0.163452432,Africa,Sub-Saharan Africa
Mauritania,2015,3.922664165,8.547121048,0.874945939,58.900001526,0.447086573,0.049781747,0.715358436,0.797596335,0.193899721,Africa,Sub-Saharan Africa
Mauritania,2016,4.472149372,8.533226013,0.784826875,59.125,0.466561466,-0.180696726,0.841835141,0.710193098,0.221666142,Africa,Sub-Saharan Africa
Mauritania,2017,4.678159714,8.567708969,0.779225230,59.349998474,0.527446806,-0.160853848,0.777314067,0.630861044,0.272321939,Africa,Sub-Saharan Africa
Mauritania,2018,4.313615322,8.588065147,0.801595509,59.575000763,0.466888547,-0.121463910,0.710529268,0.665246367,0.275557995,Africa,Sub-Saharan Africa
Mauritania,2019,4.152619362,8.613529205,0.798101962,59.799999237,0.627505183,-0.111352354,0.742890298,0.686362624,0.259738505,Africa,Sub-Saharan Africa
Mauritania,2022,4.723868847,8.601656914,0.647975624,60.474998474,0.624028981,-0.016499231,0.657092810,0.630584061,0.389274210,Africa,Sub-Saharan Africa
Mauritania,2023,4.292047501,8.620228767,0.606150031,60.700000763,0.539580405,0.018321516,0.669011772,0.707503498,0.329344451,Africa,Sub-Saharan Africa
Mauritius,2011,5.477073193,9.797497749,0.800273180,63.520000458,0.848193765,0.183535457,0.846761405,0.653383791,0.252504826,Africa,Sub-Saharan Africa
Mauritius,2014,5.647779942,9.895463943,0.784822047,63.880001068,0.824230313,0.168322697,0.879405558,0.740984321,0.222399607,Africa,Sub-Saharan Africa
Mauritius,2016,5.610003471,9.967591286,0.836032152,63.974998474,0.819175661,0.131366208,0.890661359,0.705523014,0.245711893,Africa,Sub-Saharan Africa
Mauritius,2017,6.174117565,10.005313873,0.910142243,63.950000763,0.912307501,0.078561515,0.818179905,0.682493925,0.168721184,Africa,Sub-Saharan Africa
Mauritius,2018,5.881740570,10.044054031,0.908841550,63.924999237,0.866928101,-0.081467427,0.785249710,0.710393310,0.157993257,Africa,Sub-Saharan Africa
Mauritius,2019,6.241165161,10.072235107,0.913134277,63.900001526,0.893157899,-0.060695957,0.810200810,0.734807193,0.149362728,Africa,Sub-Saharan Africa
Mauritius,2020,6.015300274,9.914418221,0.892565966,63.875,0.842598081,-0.038360234,0.771790087,0.699538052,0.138401791,Africa,Sub-Saharan Africa
Mauritius,2021,5.949120045,9.947593689,0.886509895,63.849998474,0.802364588,-0.012897509,0.783532083,0.665566385,0.135523796,Africa,Sub-Saharan Africa
Mauritius,2022,5.740500927,10.033944130,0.887036204,63.825000763,0.798143804,-0.041638959,0.768953621,0.724696159,0.168250337,Africa,Sub-Saharan Africa
Mauritius,2023,5.759169102,10.082743645,0.867578030,63.799999237,0.796654463,-0.002153123,0.768978417,0.663708210,0.160012111,Africa,Sub-Saharan Africa
Mexico,2005,6.580657959,9.791635513,0.902807653,64.400001526,0.813745499,,0.764249027,0.763287425,0.218942866,Americas,Latin America and the Caribbean
Mexico,2007,6.525378227,9.831493378,0.878805637,64.680000305,0.670430362,-0.100851215,0.746681035,0.753813922,0.248497769,Americas,Latin America and the Caribbean
Mexico,2008,6.829036236,9.830188751,0.876327813,64.819999695,0.677477300,-0.133977219,0.784897923,0.774335682,0.201175302,Americas,Latin America and the Caribbean
Mexico,2009,6.962819099,9.763516426,0.868220747,64.959999084,0.682463408,-0.082438864,0.764225543,0.763129532,0.196070760,Americas,Latin America and the Caribbean
Mexico,2010,6.802388668,9.800165176,0.876389682,65.099998474,0.778120756,-0.055010278,0.692891896,0.745259702,0.215494677,Americas,Latin America and the Caribbean
Mexico,2011,6.909515381,9.821863174,0.824064076,65.239997864,0.831368089,-0.106011234,0.697580218,0.700016022,0.227555886,Americas,Latin America and the Caribbean
Mexico,2012,7.320185184,9.843672752,0.767279446,65.379997253,0.787768304,-0.099474534,0.633281112,0.721975505,0.278110534,Americas,Latin America and the Caribbean
Mexico,2013,7.442546368,9.843951225,0.759138405,65.519996643,0.738716662,-0.171332821,0.614747047,0.749586701,0.222948730,Americas,Latin America and the Caribbean
Mexico,2014,6.679831028,9.859636307,0.781964958,65.660003662,0.779132903,-0.100936547,0.629851162,0.759792626,0.228730410,Americas,Latin America and the Caribbean
Mexico,2015,6.236287117,9.880367279,0.760614276,65.800003052,0.719465971,-0.158457875,0.707971931,0.706144869,0.237188041,Americas,Latin America and the Caribbean
Mexico,2016,6.824172974,9.894999504,0.893492579,65.800003052,0.751613081,-0.159664154,0.808579445,0.801958680,0.219571486,Americas,Latin America and the Caribbean
Mexico,2017,6.410299301,9.905106544,0.799839377,65.800003052,0.861405134,-0.208200395,0.800893068,0.775285363,0.230990887,Americas,Latin America and the Caribbean
Mexico,2018,6.549578667,9.917302132,0.858068883,65.800003052,0.816200495,-0.185954601,0.808638096,0.815285325,0.213254362,Americas,Latin America and the Caribbean
Mexico,2019,6.431945324,9.906707764,0.851685822,65.800003052,0.903384447,-0.147811472,0.808537602,0.802921176,0.251983017,Americas,Latin America and the Caribbean
Mexico,2020,5.964221001,9.816184998,0.778816223,65.800003052,0.873346984,-0.127564624,0.778165877,0.744693696,0.291556120,Americas,Latin America and the Caribbean
Mexico,2021,5.990750790,9.856716156,0.778605103,65.800003052,0.837159336,-0.036857452,0.745186806,0.750247896,0.305109650,Americas,Latin America and the Caribbean
Mexico,2022,7.038368702,9.880594254,0.858360887,65.800003052,0.860889137,-0.123296089,0.780077338,0.817899823,0.205048665,Americas,Latin America and the Caribbean
Mexico,2023,7.005731583,9.900242805,0.868416131,65.800003052,0.870060980,-0.123758651,0.755870283,0.809243381,0.233157888,Americas,Latin America and the Caribbean
Moldova,2006,5.102071285,8.922008514,0.812182605,59.479999542,0.554478109,-0.168744326,0.926055431,0.553242445,0.254923016,Europe,Eastern Europe
Moldova,2007,4.774918079,8.953884125,0.804191709,59.860000610,0.696194947,-0.190058872,0.929560363,0.518586636,0.305511504,Europe,Eastern Europe
Moldova,2008,5.502756119,9.030895233,0.871552587,60.240001678,0.640617132,-0.060127281,0.925663769,0.565447807,0.283589244,Europe,Eastern Europe
Moldova,2009,5.554374218,8.970282555,0.855883062,60.619998932,0.550858617,-0.103173181,0.925061643,0.538923979,0.306487501,Europe,Eastern Europe
Moldova,2010,5.589736462,9.039873123,0.847094715,61,0.598484814,-0.092870347,0.929309428,0.564043164,0.277520359,Europe,Eastern Europe
Moldova,2011,5.792262554,9.097003937,0.869413555,61.380001068,0.628022790,-0.086222336,0.956644356,0.553495347,0.284829497,Europe,Eastern Europe
Moldova,2012,5.995712757,9.091219902,0.826219797,61.759998322,0.602418542,-0.054079894,0.955484569,0.563796163,0.313725889,Europe,Eastern Europe
Moldova,2013,5.756059170,9.178068161,0.802882969,62.139999390,0.657734275,-0.073303387,0.940632403,0.547656298,0.260602951,Europe,Eastern Europe
Moldova,2014,5.917058468,9.227464676,0.804968834,62.520000458,0.623186231,-0.117733337,0.924806714,0.546722054,0.259689748,Europe,Eastern Europe
Moldova,2015,6.017472267,9.231746674,0.839905500,62.900001526,0.595241427,-0.094334073,0.943118811,0.555981815,0.281455815,Europe,Eastern Europe
Moldova,2016,5.577784061,9.288789749,0.837321460,63.299999237,0.557369471,-0.052207552,0.969482958,0.586273730,0.274551123,Europe,Eastern Europe
Moldova,2017,5.325530529,9.346968651,0.830767930,63.700000763,0.552825212,-0.057388533,0.926333785,0.562596619,0.259477794,Europe,Eastern Europe
Moldova,2018,5.682277203,9.404485703,0.892079890,64.099998474,0.823824346,-0.088737562,0.928719878,0.584049761,0.270072460,Europe,Eastern Europe
Moldova,2019,5.803450584,9.455395699,0.809167087,64.5,0.783664584,-0.096622422,0.883822501,0.599834442,0.261620939,Europe,Eastern Europe
Moldova,2020,5.811628819,9.379990578,0.874061763,64.900001526,0.859083235,-0.058031589,0.941438973,0.698010981,0.267836064,Europe,Eastern Europe
Moldova,2021,5.959048748,9.517996788,0.879554033,65.300003052,0.832602262,-0.095802866,0.875060678,0.630283237,0.270110786,Europe,Eastern Europe
Moldova,2022,5.686611652,9.465400696,0.816732645,65.699996948,0.828515828,-0.084290080,0.884788811,0.552044451,0.275563359,Europe,Eastern Europe
Moldova,2023,5.801368237,9.491739273,0.842314959,66.099998474,0.844444752,-0.156639189,0.860049725,0.577719390,0.250910074,Europe,Eastern Europe
Mongolia,2007,4.609059334,8.827466965,0.881054759,56.540000916,0.781332672,0.058577590,0.917813003,0.483198076,0.203044012,Asia,Eastern Asia
Mongolia,2008,4.493010044,8.901948929,0.920115948,56.959999084,0.484081417,0.062446870,0.961714268,0.513793230,0.173452139,Asia,Eastern Asia
Mongolia,2010,4.585523605,8.925166130,0.904177845,57.799999237,0.630966604,0.093448654,0.927568316,0.559408605,0.150025174,Asia,Eastern Asia
Mongolia,2011,5.031173706,9.069442749,0.947885275,58.220001221,0.700345695,0.144851491,0.931158841,0.560553193,0.153232589,Asia,Eastern Asia
Mongolia,2012,4.885150433,9.168133736,0.918516099,58.639999390,0.688311696,0.100316219,0.932385981,0.524273217,0.181066349,Asia,Eastern Asia
Mongolia,2013,4.912928104,9.259589195,0.934741557,59.060001373,0.748014033,0.129740626,0.927854478,0.548637271,0.178902224,Asia,Eastern Asia
Mongolia,2014,4.824834824,9.315420151,0.943436682,59.479999542,0.752354145,0.139763758,0.908596814,0.511573672,0.170421317,Asia,Eastern Asia
Mongolia,2015,4.982719898,9.317831039,0.905524373,59.900001526,0.685510755,0.166784003,0.900218189,0.532772839,0.207652658,Asia,Eastern Asia
Mongolia,2016,5.056999683,9.310995102,0.947489381,60,0.759740949,0.083385400,0.900452137,0.554553747,0.171171755,Asia,Eastern Asia
Mongolia,2017,5.333850384,9.344127655,0.924250782,60.099998474,0.674627423,0.112303622,0.864952207,0.551654160,0.213599518,Asia,Eastern Asia
Mongolia,2018,5.464622974,9.397009850,0.941514134,60.200000763,0.695546806,0.047507260,0.848502219,0.524843872,0.191890299,Asia,Eastern Asia
Mongolia,2019,5.562905312,9.430119514,0.945758104,60.299999237,0.710675180,0.142428294,0.873166919,0.562204599,0.166921392,Asia,Eastern Asia
Mongolia,2020,6.011364937,9.364500999,0.917789161,60.400001526,0.718491018,0.137964800,0.842827678,0.574730396,0.259983033,Asia,Eastern Asia
Mongolia,2021,5.721034050,9.364642143,0.927116990,60.5,0.666846633,0.214638561,0.850720286,0.560003579,0.202482358,Asia,Eastern Asia
Mongolia,2022,5.787830353,9.396966934,0.951336026,60.599998474,0.717059672,0.210718706,0.846957803,0.550038636,0.208651647,Asia,Eastern Asia
Mongolia,2023,5.579622746,9.433193207,0.937877238,60.700000763,0.699211121,0.220118031,0.871100664,0.545166731,0.197405428,Asia,Eastern Asia
Montenegro,2007,5.196315289,9.695746422,0.831840634,65.959999084,0.512067258,-0.139492646,0.814567804,0.536068201,0.339850873,Europe,Southern Europe
Montenegro,2009,4.801060200,9.701867104,0.815984190,66.120002747,0.556365550,-0.107207306,0.838485658,0.533456802,0.422739923,Europe,Southern Europe
Montenegro,2010,5.455030441,9.727010727,0.804549336,66.199996948,0.552103698,-0.212194696,0.757207215,0.510351896,0.410302103,Europe,Southern Europe
Montenegro,2011,5.223116875,9.757734299,0.817631543,66.279998779,0.546081364,-0.231893510,0.762383521,0.509750843,0.378120005,Europe,Southern Europe
Montenegro,2012,5.218724251,9.729277611,0.704032779,66.360000610,0.461706370,-0.198269919,0.755059719,0.467812985,0.379281342,Europe,Southern Europe
Montenegro,2013,5.074341774,9.763175964,0.735565186,66.440002441,0.502264977,-0.181771234,0.693372130,0.493074238,0.331081718,Europe,Southern Europe
Montenegro,2014,5.282720566,9.779885292,0.862930357,66.519996643,0.502665520,0.090654828,0.768465519,0.544968426,0.367646754,Europe,Southern Europe
Montenegro,2015,5.124921322,9.812665939,0.739630520,66.599998474,0.583317339,-0.149936646,0.781232595,0.534339011,0.337239444,Europe,Southern Europe
Montenegro,2016,5.304066181,9.841501236,0.865743697,66.699996948,0.568633676,-0.093373761,0.848966599,0.547315359,0.336675465,Europe,Southern Europe
Montenegro,2017,5.614798546,9.887475014,0.881199837,66.800003052,0.625906289,-0.088865317,0.755680025,0.493103802,0.349785089,Europe,Southern Europe
Montenegro,2018,5.650189877,9.937240601,0.855979621,66.900001526,0.626431286,-0.057014644,0.768922508,0.527320683,0.354935259,Europe,Southern Europe
Montenegro,2019,5.386024952,9.977386475,0.831624925,67,0.694162488,-0.111129127,0.819997370,0.546632111,0.365958124,Europe,Southern Europe
Montenegro,2020,5.722162724,9.812412262,0.887129486,67.099998474,0.801855087,0.061224230,0.844687104,0.560456812,0.411377817,Europe,Southern Europe
Montenegro,2022,5.600043297,10.002486229,0.875460029,67.300003052,0.778064489,-0.022203356,0.802277803,0.484611541,0.317196816,Europe,Southern Europe
Montenegro,2023,5.813005447,10.040676117,0.853135645,67.400001526,0.798818648,-0.066014692,0.705612183,0.480803400,0.317708820,Europe,Southern Europe
Morocco,2010,4.383247375,8.821134567,,62.5,0.662900388,-0.173167989,0.900453091,,,Africa,Northern Africa
Morocco,2011,5.084972858,8.861169815,0.833385289,62.659999847,0.578930736,-0.229121581,0.875224829,0.687321603,0.187148750,Africa,Northern Africa
Morocco,2012,4.969656467,8.877475739,0.675824940,62.819999695,0.756784618,-0.197752878,0.844934762,0.640916228,0.281335980,Africa,Northern Africa
Morocco,2013,5.142160416,8.904114723,0.597165704,62.979999542,0.571629941,-0.221209183,0.771112204,0.707146108,0.239409268,Africa,Northern Africa
Morocco,2015,5.163156986,8.947375298,0.605917633,63.299999237,0.712933421,-0.238552734,0.841856956,0.596332312,0.261803716,Africa,Northern Africa
Morocco,2016,5.386307240,8.940129280,0.655409336,63.400001526,0.816556096,-0.248023093,0.717356145,0.658135533,0.205413148,Africa,Northern Africa
Morocco,2017,5.312482834,8.977351189,0.641193092,63.5,0.814258039,-0.227031633,0.840502441,0.500609040,0.322715908,Africa,Northern Africa
Morocco,2018,4.896791935,8.996167183,0.553759754,63.599998474,0.773180425,-0.245712563,0.843172729,0.574673593,0.415981561,Africa,Northern Africa
Morocco,2019,5.056751728,9.014033318,0.534804046,63.700000763,0.756747842,-0.256197214,0.756867409,0.534888625,0.409911573,Africa,Northern Africa
Morocco,2020,4.802617550,8.928771973,0.552520096,63.799999237,0.818995237,-0.238182217,0.802740276,0.548124075,0.256431192,Africa,Northern Africa
Morocco,2021,5.326248646,8.994469643,0.504563928,63.900001526,0.761806488,-0.204333350,0.817366838,0.554495931,0.340848327,Africa,Northern Africa
Morocco,2022,4.596093178,8.994856834,0.563577652,64,0.794705212,-0.256745070,0.802137673,0.572869420,0.414216459,Africa,Northern Africa
Morocco,2023,4.486514091,9.009463310,0.499518603,64.099998474,0.820800483,-0.093703330,0.831204355,0.548703730,0.415028363,Africa,Northern Africa
Mozambique,2006,4.594879627,6.791730404,0.878794909,44.819999695,0.684149206,0.035071425,0.757999182,0.602492452,0.326822996,Africa,Sub-Saharan Africa
Mozambique,2007,4.832634926,6.840264320,0.747681141,45.240001678,0.643061817,0.067659982,0.854016304,0.626931012,0.240263566,Africa,Sub-Saharan Africa
Mozambique,2008,4.653583050,6.884682178,0.755582809,45.659999847,0.514437497,-0.000499533,0.864334643,0.611057937,0.279546410,Africa,Sub-Saharan Africa
Mozambique,2011,4.971111774,6.996473789,0.817624569,46.919998169,0.639206827,-0.030353591,0.718758941,0.565073431,0.243416056,Africa,Sub-Saharan Africa
Mozambique,2015,4.549767494,7.148315907,0.665858209,48.599998474,0.813229263,0.083273016,0.631573498,0.560135126,0.339584351,Africa,Sub-Saharan Africa
Mozambique,2017,4.279863358,7.160251617,0.678463697,49.5,0.822670519,-0.035094570,0.682108939,0.641999900,0.353176504,Africa,Sub-Saharan Africa
Mozambique,2018,4.653713703,7.164641380,0.738480449,49.950000763,0.896621585,0.043445773,0.691220403,0.620294690,0.397278726,Africa,Sub-Saharan Africa
Mozambique,2019,4.932132721,7.158656120,0.742303729,50.400001526,0.869810224,0.067550935,0.681900442,0.587998033,0.384122759,Africa,Sub-Saharan Africa
Mozambique,2021,5.178486824,7.112137318,0.664022684,51.299999237,0.838100493,0.042412482,0.627466440,0.575794935,0.383462697,Africa,Sub-Saharan Africa
Mozambique,2022,4.739677429,7.125342369,0.710699916,51.75,0.884088099,0.043135047,0.687821686,0.628598392,0.350687921,Africa,Sub-Saharan Africa
Mozambique,2023,5.704499245,7.147277832,0.700975001,52.200000763,0.867054403,0.071242064,0.677717447,0.625110865,0.334749222,Africa,Sub-Saharan Africa
Myanmar,2012,4.438939571,8.066871643,0.612249672,58.159999847,0.691094279,0.646268785,0.694738686,0.573841095,0.205414414,Asia,South-eastern Asia
Myanmar,2013,4.175670624,8.134365082,0.756725490,58.639999390,0.775447607,0.690941155,0.637765765,0.675413072,0.217310622,Asia,South-eastern Asia
Myanmar,2014,4.786247253,8.204833984,0.774267435,59.119998932,0.870296836,0.699570477,0.591632962,0.713258445,0.111978769,Asia,South-eastern Asia
Myanmar,2015,4.223846436,8.229056358,0.752064288,59.599998474,0.807971060,0.691576004,0.633305192,0.729088902,0.271750778,Asia,South-eastern Asia
Myanmar,2016,4.623119831,8.321070671,0.793461978,59.924999237,0.877491176,0.680344641,0.607286572,0.671309054,0.301501393,Asia,South-eastern Asia
Myanmar,2017,4.154341698,8.369377136,0.795183837,60.25,0.886011839,0.651443303,0.618821502,0.616757214,0.282285541,Asia,South-eastern Asia
Myanmar,2018,4.410633087,8.424262047,0.773825943,60.575000763,0.906110823,0.492082626,0.646725893,0.640497804,0.300140351,Asia,South-eastern Asia
Myanmar,2019,4.434237480,8.482505798,0.762994885,60.900001526,0.899064302,0.560276985,0.681795835,0.638367534,0.285576224,Asia,South-eastern Asia
Myanmar,2020,4.431364059,8.506555557,0.795763254,61.224998474,0.824870706,0.468292892,0.646702111,0.699925065,0.289218217,Asia,South-eastern Asia
Myanmar,2021,4.314039707,8.302172661,0.779576421,61.549999237,0.631394386,0.508287430,0.671063483,0.636049151,0.267805815,Asia,South-eastern Asia
Myanmar,2022,4.359069824,8.324696541,0.746259868,61.875,0.645887017,0.600466907,0.728946626,0.668845952,0.353478551,Asia,South-eastern Asia
Myanmar,2023,4.390633583,8.347352028,0.684586406,62.200000763,0.695294976,0.547801197,0.686380744,0.634078503,0.357779175,Asia,South-eastern Asia
Namibia,2007,4.885587215,9.072697639,0.827623546,51.880001068,0.781040490,-0.107107170,0.839217842,0.769055605,0.159755886,Africa,Sub-Saharan Africa
Namibia,2014,4.573991299,9.264313698,0.762783587,54.259998322,0.849354982,-0.191236690,0.790228367,0.722673059,0.238961443,Africa,Sub-Saharan Africa
Namibia,2017,4.441306114,9.243317604,0.828339040,55.349998474,0.810401857,-0.197609693,0.831302881,0.697479606,0.277252167,Africa,Sub-Saharan Africa
Namibia,2018,4.834087849,9.236609459,0.864214778,55.724998474,0.753904760,-0.176770657,0.845942497,0.696077943,0.240249082,Africa,Sub-Saharan Africa
Namibia,2019,4.435811043,9.211297989,0.844592154,56.099998474,0.739034534,-0.181955025,0.879070699,0.643716514,0.256160736,Africa,Sub-Saharan Africa
Namibia,2020,4.451010227,9.109610558,0.740570307,56.474998474,0.665681958,-0.109801665,0.810354829,0.652413011,0.247542083,Africa,Sub-Saharan Africa
Namibia,2021,4.491207123,9.127891541,0.807800770,56.849998474,0.658505261,-0.152775064,0.828966737,0.643536866,0.230259106,Africa,Sub-Saharan Africa
Namibia,2022,4.948962688,9.158020973,0.807958961,57.224998474,0.682527900,-0.124180757,0.848729193,0.675756395,0.261423469,Africa,Sub-Saharan Africa
Namibia,2023,5.055321693,9.167408943,0.852072656,57.599998474,0.673939288,-0.112721130,0.873001873,0.634756744,0.207879022,Africa,Sub-Saharan Africa
Nepal,2006,4.566594601,7.734345436,0.873681068,59.659999847,0.689295828,,0.897136629,0.582539678,0.170838207,Asia,Southern Asia
Nepal,2007,4.748284340,7.760577679,0.786707699,59.720001221,0.413320839,0.302675158,0.890811265,0.501775265,0.152297929,Asia,Southern Asia
Nepal,2008,4.440526485,7.813568115,0.817657650,59.779998779,0.617604792,0.276357174,0.900028765,0.589481413,0.153098494,Asia,Southern Asia
Nepal,2009,4.916868210,7.852507114,0.813067853,59.840000153,0.616153777,0.029189972,0.949701965,0.484039843,0.215433761,Asia,Southern Asia
Nepal,2010,4.349675179,7.894578457,0.779038072,59.900001526,0.519062638,0.077226713,0.910801888,0.538355172,0.225972995,Asia,Southern Asia
Nepal,2011,3.809444666,7.924372196,0.740979373,59.959999084,0.524797678,-0.023915049,0.934563756,0.530136704,0.207358956,Asia,Southern Asia
Nepal,2012,4.233244896,7.967660427,0.733602345,60.020000458,0.637778401,0.056424867,0.883494020,0.538319170,0.231070802,Asia,Southern Asia
Nepal,2013,4.604576588,8.000445366,0.740098953,60.080001831,0.722265780,0.137451649,0.877340496,0.495773941,0.279263556,Asia,Southern Asia
Nepal,2014,4.975014687,8.055885315,0.785883367,60.139999390,0.711877644,0.107776783,0.840685844,0.492254227,0.287447155,Asia,Southern Asia
Nepal,2015,4.812436581,8.089492798,0.747611880,60.200000763,0.763447225,0.214127839,0.823508382,0.444045782,0.358234376,Asia,Southern Asia
Nepal,2016,5.099539757,8.084770203,0.837043643,60.474998474,0.839488447,0.155146450,0.817114890,0.523476124,0.369661748,Asia,Southern Asia
Nepal,2017,4.736692429,8.159239769,0.816383302,60.75,0.845147610,0.119771995,0.770177126,0.462730408,0.375977933,Asia,Southern Asia
Nepal,2018,4.910086632,8.221292496,0.768335521,61.025001526,0.770093679,0.107328981,0.741752803,0.457212508,0.386792421,Asia,Southern Asia
Nepal,2019,5.448724747,8.274377823,0.772273064,61.299999237,0.790347695,0.151857868,0.711842477,0.443902969,0.357100308,Asia,Southern Asia
Nepal,2020,5.982410431,8.232653618,0.787215233,61.575000763,0.771715939,0.134548545,0.811892331,0.479671746,0.336939007,Asia,Southern Asia
Nepal,2021,4.622300148,8.256783485,0.698646426,61.849998474,0.817544639,0.143666863,0.769947886,0.414381087,0.353876650,Asia,Southern Asia
Nepal,2022,5.474175930,8.294474602,0.753276348,62.125,0.844221771,0.149431527,0.760407746,0.472944528,0.341525853,Asia,Southern Asia
Nepal,2023,5.388708115,8.318125725,0.749457479,62.400001526,0.764679193,0.183550432,0.792251289,0.460589349,0.350389391,Asia,Southern Asia
Netherlands,2005,7.463979244,10.809069633,0.947357953,70.699996948,0.901007771,,0.571342230,0.700739443,0.232794717,Europe,Western Europe
Netherlands,2007,7.451879501,10.876346588,0.943854094,70.779998779,0.896018088,0.338607341,0.445436567,0.718050301,0.213335603,Europe,Western Europe
Netherlands,2008,7.631011963,10.893925667,0.944202244,70.819999695,0.883287251,0.359455019,0.418940485,0.679150820,0.181690425,Europe,Western Europe
Netherlands,2010,7.501875877,10.859633446,0.956536889,70.900001526,0.921448231,0.343611419,0.398591846,0.745190442,0.206079304,Europe,Western Europe
Netherlands,2011,7.563797951,10.870361328,0.938396096,70.940002441,0.925431550,0.329930574,0.359395891,0.770457447,0.181386188,Europe,Western Europe
Netherlands,2012,7.470715523,10.856304169,0.938884676,70.980003357,0.877118647,0.282386273,0.433753788,0.752868414,0.226289868,Europe,Western Europe
Netherlands,2013,7.406550407,10.852053642,0.924705446,71.019996643,0.918995857,0.298797578,0.504529953,0.764698267,0.235443220,Europe,Western Europe
Netherlands,2014,7.321188450,10.862588882,0.908995748,71.059997559,0.910179615,0.325575739,0.456948370,0.775612891,0.220656529,Europe,Western Europe
Netherlands,2015,7.324437141,10.877558708,0.879010439,71.099998474,0.903978765,0.255707234,0.411822110,0.742387831,0.202128634,Europe,Western Europe
Netherlands,2016,7.540877342,10.893917084,0.925944209,71.175003052,0.907310009,0.232919499,0.433304250,0.737007380,0.214850739,Europe,Western Europe
Netherlands,2017,7.458965302,10.916698456,0.936501324,71.25,0.920319736,0.244688243,0.363133639,0.729161143,0.184519842,Europe,Western Europe
Netherlands,2018,7.463097095,10.934194565,0.939443171,71.324996948,0.919985175,0.155896276,0.370557785,0.747976542,0.204794183,Europe,Western Europe
Netherlands,2019,7.425268650,10.947010994,0.941477478,71.400001526,0.885592520,0.206885472,0.360068113,0.728164434,0.230502278,Europe,Western Europe
Netherlands,2020,7.504447937,10.901819229,0.943956137,71.474998474,0.934522629,0.145121545,0.280604511,0.690658092,0.246511325,Europe,Western Europe
Netherlands,2021,7.314151287,10.944070816,0.918759406,71.550003052,0.856293440,0.265629292,0.396572888,0.714353323,0.201159164,Europe,Western Europe
Netherlands,2022,7.389636040,10.978227615,0.928908408,71.625,0.868093491,0.222895235,0.459351808,0.711127639,0.198002592,Europe,Western Europe
Netherlands,2023,7.254793644,10.977064133,0.914922476,71.699996948,0.847286701,0.222540841,0.423908263,0.692705870,0.201694623,Europe,Western Europe
New Zealand,2006,7.305014133,10.541116714,0.946047485,69.720001221,0.932080269,0.304418176,0.224220231,0.824703038,0.218773201,Oceania,Australia and New Zealand
New Zealand,2007,7.604173183,10.561984062,0.966532767,69.739997864,0.878218889,0.271592438,0.294616222,0.803392410,0.237997055,Oceania,Australia and New Zealand
New Zealand,2008,7.381170750,10.541316032,0.944274664,69.760002136,0.893072486,0.290775210,0.333750874,0.784192085,0.231880650,Oceania,Australia and New Zealand
New Zealand,2010,7.223756313,10.533640862,0.975642204,69.800003052,0.917752504,0.247454047,0.320748180,0.782820702,0.234758481,Oceania,Australia and New Zealand
New Zealand,2011,7.190638065,10.547988892,0.953649879,69.819999695,0.934768736,0.277503967,0.269330204,0.783698440,0.210149646,Oceania,Australia and New Zealand
New Zealand,2012,7.249629974,10.564982414,0.930028617,69.839996338,0.901853085,0.280487955,0.289297938,0.785510421,0.206878170,Oceania,Australia and New Zealand
New Zealand,2013,7.280151844,10.584572792,0.958153486,69.860000610,0.944000423,0.230049819,0.312235802,0.777919173,0.151396915,Oceania,Australia and New Zealand
New Zealand,2014,7.305892467,10.605362892,0.942380846,69.879997253,0.931882441,0.340978384,0.272608608,0.807100952,0.199018866,Oceania,Australia and New Zealand
New Zealand,2015,7.418120861,10.621685982,0.987343490,69.900001526,0.941784263,0.322481543,0.185888708,0.794508100,0.159829989,Oceania,Australia and New Zealand
New Zealand,2016,7.225687981,10.636537552,0.936602890,69.974998474,0.926576018,0.258688867,0.278270781,0.776531398,0.207413629,Oceania,Australia and New Zealand
New Zealand,2017,7.327182770,10.650287628,0.954920650,70.050003052,0.942279458,0.286919743,0.221887484,0.762818158,0.171716571,Oceania,Australia and New Zealand
New Zealand,2018,7.370285988,10.667019844,0.953862727,70.125,0.949300170,0.113347009,0.206580222,0.785058856,0.167951450,Oceania,Australia and New Zealand
New Zealand,2019,7.205174446,10.675273895,0.938821197,70.199996948,0.912042379,0.150096044,0.233831227,0.765042603,0.191176370,Oceania,Australia and New Zealand
New Zealand,2020,7.257381916,10.646665573,0.951990783,70.275001526,0.918154597,0.115957715,0.282767951,0.795894742,0.208541051,Oceania,Australia and New Zealand
New Zealand,2021,7.136700630,10.692896843,0.949832201,70.349998474,0.910249829,0.215510726,0.252423555,0.747143626,0.206175357,Oceania,Australia and New Zealand
New Zealand,2022,6.974986553,10.711755753,0.955588818,70.425003052,0.830677867,0.182764590,0.280524433,0.706345737,0.210213482,Oceania,Australia and New Zealand
New Zealand,2023,6.975955486,10.719568253,0.932887077,70.5,0.876608431,0.181391641,0.303655803,0.738133490,0.228582710,Oceania,Australia and New Zealand
Nicaragua,2006,4.460158348,8.395250320,0.877170146,64.300003052,0.745456338,0.004562445,0.844391346,0.780207157,0.294415772,Americas,Latin America and the Caribbean
Nicaragua,2007,4.944090843,8.430828094,0.866213024,64.400001526,0.835559726,0.135291010,0.825798512,0.786737442,0.287482113,Americas,Latin America and the Caribbean
Nicaragua,2008,5.103827477,8.450397491,0.857186258,64.5,0.790831089,0.070441127,0.818949223,0.770376146,0.289344728,Americas,Latin America and the Caribbean
Nicaragua,2009,5.352804661,8.402438164,0.834688067,64.599998474,0.746065021,0.065266885,0.794486761,0.739845395,0.299064666,Americas,Latin America and the Caribbean
Nicaragua,2010,5.686699390,8.430959702,0.863151550,64.699996948,0.791773319,0.013320263,0.801728904,0.749126315,0.268023372,Americas,Latin America and the Caribbean
Nicaragua,2011,5.385705471,8.477500916,0.800305128,64.800003052,0.778591037,-0.024439771,0.760242522,0.747022092,0.309018821,Americas,Latin America and the Caribbean
Nicaragua,2012,5.448006153,8.525729179,0.894054413,64.900001526,0.850304902,0.012386252,0.643578768,0.761726439,0.254660487,Americas,Latin America and the Caribbean
Nicaragua,2013,5.772274971,8.559209824,0.868216038,65,0.859149039,0.034493741,0.636246741,0.799891829,0.270609558,Americas,Latin America and the Caribbean
Nicaragua,2014,6.275266647,8.591470718,0.838567436,65.099998474,0.817320645,0.099423647,0.698808014,0.782329440,0.333935738,Americas,Latin America and the Caribbean
Nicaragua,2015,5.924112797,8.623898506,0.826908529,65.199996948,0.809259176,0.072650328,0.727998376,0.771062553,0.345594645,Americas,Latin America and the Caribbean
Nicaragua,2016,6.012739658,8.654224396,0.852702439,65.275001526,0.716534257,0.034974892,0.731464922,0.786971927,0.380347282,Americas,Latin America and the Caribbean
Nicaragua,2017,6.476356506,8.685310364,0.838043690,65.349998474,0.922162771,0.005833108,0.672963321,0.793321192,0.308447897,Americas,Latin America and the Caribbean
Nicaragua,2018,5.818952560,8.637048721,0.854276538,65.425003052,0.797056854,0.004429166,0.712824762,0.742867589,0.408349842,Americas,Latin America and the Caribbean
Nicaragua,2019,6.112545013,8.593801498,0.873863935,65.5,0.882678449,0.023994023,0.621981740,0.790255427,0.337012976,Americas,Latin America and the Caribbean
Nicaragua,2020,6.286890030,8.562273979,0.855702758,65.574996948,0.817625225,0.036721226,0.631003439,0.775327206,0.315903068,Americas,Latin America and the Caribbean
Nicaragua,2021,6.095348835,8.646821022,0.848263025,65.650001526,0.904980481,0.019751504,0.674668729,0.798928738,0.292643428,Americas,Latin America and the Caribbean
Nicaragua,2022,6.392257690,8.669462204,0.844041824,65.724998474,0.913993657,-0.004475694,0.570191979,0.787344217,0.338743955,Americas,Latin America and the Caribbean
Nicaragua,2023,6.362124920,8.685056686,0.836291850,65.800003052,0.906491041,-0.008149705,0.531650782,0.772143424,0.339979649,Americas,Latin America and the Caribbean
Niger,2006,3.736951828,6.872498035,0.677165508,50.139999390,0.750336349,0.072593786,0.754975379,0.745853782,0.179303586,Africa,Sub-Saharan Africa
Niger,2007,4.277402401,6.867029667,0.725712836,50.580001831,0.584067166,-0.059760135,0.747563601,0.722617865,0.158482313,Africa,Sub-Saharan Africa
Niger,2008,4.235657215,6.904775143,0.606638670,51.020000458,0.648728073,-0.058741428,0.748752594,0.689175248,0.193882480,Africa,Sub-Saharan Africa
Niger,2009,4.267169952,6.887199402,0.771265149,51.459999084,0.880042136,-0.012671099,0.483152986,0.714190245,0.115248479,Africa,Sub-Saharan Africa
Niger,2010,4.101016045,6.932192802,0.654964983,51.900001526,0.817219734,-0.027304938,0.528980315,0.715030730,0.125837803,Africa,Sub-Saharan Africa
Niger,2011,4.555829525,6.918029308,0.817660689,52.340000153,0.779515266,-0.059707608,0.549093366,0.709998012,0.166154444,Africa,Sub-Saharan Africa
Niger,2012,3.798088312,6.980211735,0.700107574,52.779998779,0.734430909,-0.067900360,0.777340889,0.582121611,0.141553044,Africa,Sub-Saharan Africa
Niger,2013,3.716329813,6.993816376,0.695813596,53.220001221,0.825387061,-0.081723690,0.710963428,0.639400542,0.208130196,Africa,Sub-Saharan Africa
Niger,2014,4.180943489,7.020313263,0.752533853,53.659999847,0.687634289,-0.050759047,0.604728460,0.628695428,0.204661280,Africa,Sub-Saharan Africa
Niger,2015,3.671453714,7.025013924,0.713019609,54.099998474,0.728128314,-0.036639068,0.702549696,0.664707303,0.218422577,Africa,Sub-Saharan Africa
Niger,2016,4.234645844,7.042164326,0.682828248,54.450000763,0.701927304,-0.020275470,0.814493895,0.646426618,0.325441957,Africa,Sub-Saharan Africa
Niger,2017,4.615673542,7.052698135,0.582109571,54.799999237,0.683557570,-0.034799431,0.777660012,0.698577642,0.426522374,Africa,Sub-Saharan Africa
Niger,2018,5.164007187,7.084448814,0.612025678,55.150001526,0.790665627,0.004175232,0.637166798,0.758703887,0.502554536,Africa,Sub-Saharan Africa
Niger,2019,5.003544331,7.104510307,0.676958740,55.5,0.831361890,0.021141350,0.728855133,0.793810070,0.304438263,Africa,Sub-Saharan Africa
Niger,2022,4.501331329,7.150552273,0.586930454,56.549999237,0.792574704,0.024286980,0.740086973,0.786504447,0.366278619,Africa,Sub-Saharan Africa
Niger,2023,4.608657837,7.181248665,0.637947023,56.900001526,0.766963303,0.029012049,,0.747266471,0.416637331,Africa,Sub-Saharan Africa
Nigeria,2006,4.709745884,8.313640594,0.735178590,50.220001221,0.649139762,0.080459572,0.870748997,0.771529913,0.178237170,Africa,Sub-Saharan Africa
Nigeria,2007,4.890419483,8.350374222,0.717703819,50.540000916,0.635073245,0.132043466,0.918391883,0.814729750,0.141402930,Africa,Sub-Saharan Africa
Nigeria,2008,4.938560486,8.388632774,0.779640496,50.860000610,0.584221542,0.114720806,0.891890109,0.755055308,0.244094297,Africa,Sub-Saharan Africa
Nigeria,2009,4.980220318,8.438661575,0.722081780,51.180000305,0.536721110,0.063215777,0.913195729,0.730262756,0.225123048,Africa,Sub-Saharan Africa
Nigeria,2010,4.760275841,8.488230705,0.823823035,51.5,0.565351069,0.062359251,0.910719037,0.758521974,0.190343410,Africa,Sub-Saharan Africa
Nigeria,2012,5.492954254,8.526246071,0.817579567,52.139999390,0.651688874,0.062174540,0.900431395,0.781706154,0.209099486,Africa,Sub-Saharan Africa
Nigeria,2013,4.817868710,8.563854218,0.662943304,52.459999084,0.621587694,0.046407402,0.905309319,0.651861787,0.286345929,Africa,Sub-Saharan Africa
Nigeria,2015,4.932914734,8.599528313,0.811647654,53.099998474,0.680470288,-0.039614603,0.926109254,0.714879394,0.251189560,Africa,Sub-Saharan Africa
Nigeria,2016,5.219567776,8.558156967,0.804766953,53.424999237,0.797690511,0.038762964,0.904706836,0.745246053,0.251836300,Africa,Sub-Saharan Africa
Nigeria,2017,5.321928024,8.540910721,0.733468533,53.75,0.825905561,0.119956717,0.834891975,0.682211101,0.235968769,Africa,Sub-Saharan Africa
Nigeria,2018,5.252288342,8.534989357,0.740854204,54.075000763,0.789881051,-0.014598273,0.865602672,0.761656404,0.256469876,Africa,Sub-Saharan Africa
Nigeria,2019,4.266484261,8.532351494,0.734995186,54.400001526,0.746269286,0.018905235,0.873035729,0.698242903,0.229003847,Africa,Sub-Saharan Africa
Nigeria,2020,5.502948284,8.489839554,0.739289463,54.724998474,0.713061512,0.093661472,0.912774444,0.737175941,0.315886825,Africa,Sub-Saharan Africa
Nigeria,2021,4.479265690,8.501598358,0.741560102,55.049999237,0.725732863,0.047030862,0.911945105,0.666297317,0.188105255,Africa,Sub-Saharan Africa
Nigeria,2022,5.294247150,8.509798050,0.785077929,55.375,0.775847197,0.172098115,0.935154974,0.760284245,0.253276438,Africa,Sub-Saharan Africa
Nigeria,2023,4.868937492,8.513705254,0.780888855,55.700000763,0.720121384,0.209317505,0.876502216,0.721117437,0.266198456,Africa,Sub-Saharan Africa
North Macedonia,2007,4.493598461,9.434422493,0.810537934,64.660003662,0.439399779,0.072807163,0.869545937,0.558355927,0.251122892,Europe,Southern Europe
North Macedonia,2009,4.428021908,9.480631828,0.734430969,64.819999695,0.552173734,-0.048855849,0.843915761,0.487668097,0.370053828,Europe,Southern Europe
North Macedonia,2010,4.180202007,9.511556625,0.686854780,64.900001526,0.513183951,-0.065252587,0.856452644,0.472753972,0.313819051,Europe,Southern Europe
North Macedonia,2011,4.898180008,9.532967567,0.784300089,64.980003357,0.607463241,-0.093965769,0.865062475,0.503090858,0.362750620,Europe,Southern Europe
North Macedonia,2012,4.639647484,9.527178764,0.798305035,65.059997559,0.613055706,-0.091084450,0.919845164,0.550912976,0.421751916,Europe,Southern Europe
North Macedonia,2013,5.186190605,9.554562569,0.832253754,65.139999390,0.640952647,0.017967196,0.860541105,0.521264255,0.330875665,Europe,Southern Europe
North Macedonia,2014,5.203825951,9.588546753,0.792998135,65.220001221,0.644740820,0.028051827,0.860599697,0.582850993,0.306998342,Europe,Southern Europe
North Macedonia,2015,4.975589752,9.625048637,0.766368151,65.300003052,0.660318911,-0.053118598,0.824178994,0.550810456,0.299022079,Europe,Southern Europe
North Macedonia,2016,5.345746040,9.652039528,0.871212244,65.5,0.706179321,0.073277749,0.869719028,0.587329805,0.292294681,Europe,Southern Europe
North Macedonia,2017,5.233866692,9.661828995,0.799955130,65.699996948,0.752106607,-0.065312468,0.855697274,0.446869999,0.299390584,Europe,Southern Europe
North Macedonia,2018,5.239834785,9.689401627,0.848915160,65.900001526,0.744800925,-0.047963154,0.909934342,0.511837602,0.298352867,Europe,Southern Europe
North Macedonia,2019,5.015485287,9.727530479,0.814638495,66.099998474,0.724710405,0.017552638,0.922597229,0.515054047,0.303605884,Europe,Southern Europe
North Macedonia,2020,5.053664207,9.666481972,0.750374198,66.300003052,0.787284732,0.127251670,0.877421141,0.541942358,0.365126073,Europe,Southern Europe
North Macedonia,2021,5.534749985,9.723674774,0.808856964,66.5,0.792965770,0.187890038,0.884325325,0.563352823,0.303365707,Europe,Southern Europe
North Macedonia,2022,5.166881561,9.748510361,0.849509358,66.699996948,0.723088980,0.068490721,0.937215090,0.554965317,0.277090907,Europe,Southern Europe
North Macedonia,2023,5.403024673,9.775726318,0.882915556,66.900001526,0.738114595,0.123343095,0.917136312,0.517428696,0.271874696,Europe,Southern Europe
Norway,2006,7.415682316,11.055703163,0.958511293,69.400001526,0.959532738,0.100618370,0.397150129,0.766967356,0.197113186,Europe,Northern Europe
Norway,2008,7.632287502,11.066423416,0.935878932,69.800003052,0.947288871,0.009910869,0.502776325,0.763017952,0.155095205,Europe,Northern Europe
Norway,2012,7.678277016,11.041307449,0.947657406,70.599998474,0.946565866,0.139310345,0.368042678,0.798491180,0.212821111,Europe,Northern Europe
Norway,2014,7.444470882,11.048323631,0.941161931,71,0.956316173,0.173089683,0.404825836,0.802207887,0.194354936,Europe,Northern Europe
Norway,2015,7.603433609,11.056776047,0.946833968,71.199996948,0.947620511,0.249089181,0.298814356,0.796320975,0.209409878,Europe,Northern Europe
Norway,2016,7.596331596,11.059545517,0.959742844,71.25,0.954352319,0.124983922,0.409666121,0.809430182,0.209262192,Europe,Northern Europe
Norway,2017,7.578744888,11.075807571,0.950127661,71.300003052,0.953016818,0.228408232,0.249711379,0.800106227,0.202913806,Europe,Northern Europe
Norway,2018,7.444262028,11.077462196,0.965961933,71.349998474,0.960429013,0.086401843,0.268201441,0.785607040,0.211862370,Europe,Northern Europe
Norway,2019,7.442139626,11.081886292,0.941784024,71.400001526,0.954044461,0.103050761,0.270571798,0.781727433,0.195486501,Europe,Northern Europe
Norway,2020,7.290032387,11.063135147,0.955979943,71.449996948,0.964561105,0.067519478,0.271083295,0.777274728,0.216033921,Europe,Northern Europe
Norway,2021,7.361573696,11.096030235,0.947877407,71.5,0.936379194,0.165829793,0.263276964,0.769433558,0.207197040,Europe,Northern Europe
Norway,2022,7.294604301,11.119325638,0.926571310,71.550003052,0.939022839,0.182446286,0.314442098,0.758709848,0.211092442,Europe,Northern Europe
Norway,2023,7.248675346,11.124796867,0.951586008,71.599998474,0.937649429,0.219493151,0.244850248,0.756483853,0.228337631,Europe,Northern Europe
Oman,2011,6.852982044,10.538619995,,62.340000153,0.916293025,0.007792237,,,0.295164108,Asia,Western Asia
Pakistan,2005,5.224657536,8.252208710,0.590945721,53.200000763,0.629995883,,0.844436169,,0.237265706,Asia,Southern Asia
Pakistan,2007,5.671460629,8.314320564,0.478887379,53.720001221,0.395642221,0.081128798,0.793795407,0.583407879,0.310367256,Asia,Southern Asia
Pakistan,2008,4.413918972,8.309402466,0.372907877,53.979999542,0.335223645,0.092336684,0.847682595,0.532505095,0.320658326,Asia,Southern Asia
Pakistan,2009,5.208146572,8.315033913,0.521746695,54.240001678,0.387697667,0.069063842,0.873649061,0.515629292,0.348705649,Asia,Southern Asia
Pakistan,2010,5.786132813,8.308447838,0.571315944,54.5,0.364205927,0.292383462,0.851655900,0.526645720,0.371941417,Asia,Southern Asia
Pakistan,2011,5.267186165,8.314452171,0.509884119,54.759998322,0.375822634,0.021646133,0.857177615,0.472562015,0.357800812,Asia,Southern Asia
Pakistan,2012,5.131565094,8.330942154,0.542038023,55.020000458,0.366844118,0.156610250,0.842024505,0.510057330,0.332447737,Asia,Southern Asia
Pakistan,2013,5.138082504,8.358598709,0.607087076,55.279998779,0.447909594,0.090867534,0.791835248,0.474416286,0.273709893,Asia,Southern Asia
Pakistan,2014,5.435657978,8.390193939,0.551683307,55.540000916,0.543138504,0.131319210,0.676927507,0.475317448,0.295479774,Asia,Southern Asia
Pakistan,2015,4.823194981,8.423455238,0.561720133,55.799999237,0.586546242,0.075647749,0.716641188,0.469451874,0.328646719,Asia,Southern Asia
Pakistan,2016,5.548508167,8.465209007,0.626921296,56.075000763,0.634182811,0.084440224,0.792530060,0.502840996,0.331616670,Asia,Southern Asia
Pakistan,2017,5.830870628,8.495299339,0.690263569,56.349998474,0.712657094,0.035092875,0.713928223,0.488859296,0.308341086,Asia,Southern Asia
Pakistan,2018,5.471553802,8.539626122,0.685059488,56.625,0.772569120,0.058168836,0.798841655,0.469722837,0.376706064,Asia,Southern Asia
Pakistan,2019,4.442717552,8.548215866,0.617295742,56.900001526,0.684675574,0.111596048,0.775998056,0.488940775,0.424240083,Asia,Southern Asia
Pakistan,2020,4.623969078,8.518063545,0.594273567,57.174999237,0.767367244,0.002738752,0.832585573,0.470246613,0.375722438,Asia,Southern Asia
Pakistan,2021,4.486834526,8.562576294,0.608395636,57.450000763,0.763992071,0.006978682,0.742719173,0.517665982,0.307363391,Asia,Southern Asia
Pakistan,2022,4.930678368,8.603686333,0.590316176,57.724998474,0.744901061,-0.000184984,0.865011692,0.469025075,0.367513657,Asia,Southern Asia
Pakistan,2023,4.549314499,8.588458061,0.553014159,58,0.661370456,0.070424408,0.889399290,0.504033685,0.417368263,Asia,Southern Asia
Panama,2006,6.127988338,9.806320190,0.950980365,66.860000610,0.882047236,-0.055879828,0.911755919,0.825811207,0.232062608,Americas,Latin America and the Caribbean
Panama,2007,6.894139767,9.900963783,0.937078059,67.019996643,0.640218794,0.074337251,0.915287375,0.788677633,0.149341464,Americas,Latin America and the Caribbean
Panama,2008,6.930903435,9.976579666,0.922481298,67.180000305,0.707384586,0.050934236,0.880650520,0.776062965,0.150143132,Americas,Latin America and the Caribbean
Panama,2009,7.033740044,9.970768929,0.905028522,67.339996338,0.721393645,0.005695687,0.889423907,0.839467406,0.144200027,Americas,Latin America and the Caribbean
Panama,2010,7.321467400,10.009517670,0.927533090,67.5,0.754523695,-0.017253883,0.879825830,0.840976536,0.146368757,Americas,Latin America and the Caribbean
Panama,2011,7.248080730,10.098904610,0.876284182,67.660003662,0.829012871,0.000245908,0.839684486,0.852716744,0.179641321,Americas,Latin America and the Caribbean
Panama,2012,6.859835625,10.174414635,0.897391140,67.819999695,0.783182502,-0.010511426,0.795796633,0.837662220,0.206641346,Americas,Latin America and the Caribbean
Panama,2013,6.866480350,10.223568916,0.895719826,67.980003357,0.811337948,0.009639309,0.814464629,0.859786928,0.225745514,Americas,Latin America and the Caribbean
Panama,2014,6.631171227,10.255550385,0.873474240,68.139999390,0.893915117,-0.006518584,0.846593857,0.798749387,0.253815651,Americas,Latin America and the Caribbean
Panama,2015,6.605550289,10.293885231,0.882615030,68.300003052,0.846669197,-0.015598256,0.809942901,0.777305126,0.263825864,Americas,Latin America and the Caribbean
Panama,2016,6.117638111,10.324884415,0.882460237,68.400001526,0.884479761,-0.111088902,0.836976767,0.812744737,0.244131789,Americas,Latin America and the Caribbean
Panama,2017,6.567658901,10.362118721,0.911904812,68.5,0.899573505,-0.178203568,0.840777099,0.795368135,0.242319331,Americas,Latin America and the Caribbean
Panama,2018,6.281434059,10.381559372,0.904389799,68.599998474,0.861448109,-0.139361471,0.836930990,0.840996861,0.222598746,Americas,Latin America and the Caribbean
Panama,2019,6.085955143,10.397828102,0.885721385,68.699996948,0.882961094,-0.207866967,0.868827522,0.840836167,0.243566602,Americas,Latin America and the Caribbean
Panama,2021,6.552778721,10.322750092,0.898621261,68.900001526,0.810681999,-0.151604861,0.861062586,0.834382474,0.217544228,Americas,Latin America and the Caribbean
Panama,2022,5.979382038,10.412305832,0.891045928,69,0.899328530,-0.128304452,0.886835337,0.820656359,0.259239286,Americas,Latin America and the Caribbean
Panama,2023,6.543289661,10.455200195,0.887288928,69.099998474,0.851926506,-0.146810412,0.870590508,0.828531265,0.257107973,Americas,Latin America and the Caribbean
Paraguay,2006,4.730082035,9.153956413,0.895427763,64.879997253,0.691021681,0.055792641,0.840989172,0.751927376,0.302746117,Americas,Latin America and the Caribbean
Paraguay,2007,5.272461414,9.196781158,0.862656415,64.959999084,0.698987842,0.121403277,0.929890692,0.811656475,0.218698904,Americas,Latin America and the Caribbean
Paraguay,2008,5.570061684,9.249930382,0.889281452,65.040000916,0.649068773,0.045651037,0.891085148,0.797779143,0.259037822,Americas,Latin America and the Caribbean
Paraguay,2009,5.576147079,9.237194061,0.900353849,65.120002747,0.717870176,0.016150666,0.857340276,0.803005695,0.186126411,Americas,Latin America and the Caribbean
Paraguay,2010,5.841174126,9.330898285,0.889152765,65.199996948,0.726262391,0.064980596,0.779914618,0.826041460,0.175859466,Americas,Latin America and the Caribbean
Paraguay,2011,5.677080631,9.359894753,0.869149685,65.279998779,0.665864289,0.179224774,0.755997002,0.823038757,0.190262824,Americas,Latin America and the Caribbean
Paraguay,2012,5.820058346,9.339297295,0.931004941,65.360000610,0.748206615,0.188300744,0.773659110,0.849250019,0.212838635,Americas,Latin America and the Caribbean
Paraguay,2013,5.936240673,9.405164719,0.938647211,65.440002441,0.908905864,0.034333609,0.902550995,0.873760998,0.223824456,Americas,Latin America and the Caribbean
Paraguay,2014,5.118641853,9.442753792,0.959249556,65.519996643,0.759396434,-0.013154737,0.762375772,0.876032054,0.215778142,Americas,Latin America and the Caribbean
Paraguay,2015,5.559724331,9.457676888,0.914199054,65.599998474,0.806124747,-0.018979408,0.862888277,0.831519663,0.218508467,Americas,Latin America and the Caribbean
Paraguay,2016,5.801380157,9.485220909,0.939866960,65.650001526,0.853534281,-0.082287923,0.756116271,0.833231986,0.197176188,Americas,Latin America and the Caribbean
Paraguay,2017,5.713295460,9.518132210,0.902042508,65.699996948,0.891171455,-0.008051349,0.809900761,0.820329726,0.231783673,Americas,Latin America and the Caribbean
Paraguay,2019,5.652625561,9.518539429,0.892487168,65.800003052,0.876052618,0.017431650,0.881786108,0.790478528,0.275186718,Americas,Latin America and the Caribbean
Paraguay,2020,5.501248837,9.496820450,0.906508625,65.849998474,0.865221083,0.053742032,0.828658342,0.766731083,0.269218802,Americas,Latin America and the Caribbean
Paraguay,2021,5.575535297,9.523426056,0.907541871,65.900001526,0.887960792,0.014539529,0.856721044,0.806078374,0.248322532,Americas,Latin America and the Caribbean
Paraguay,2022,6.137611866,9.512767792,0.899491370,65.949996948,0.921780527,-0.013914607,0.839272022,0.820756733,0.237517416,Americas,Latin America and the Caribbean
Paraguay,2023,6.213788509,9.548639297,0.888620853,66,0.901636183,-0.003958556,0.835490346,0.832586706,0.240281001,Americas,Latin America and the Caribbean
Peru,2006,4.810845375,8.979471207,0.874649584,66.459999084,0.667579174,-0.075997457,0.895347834,0.675224841,0.419590116,Americas,Latin America and the Caribbean
Peru,2007,5.213962078,9.053523064,0.756369531,66.720001221,0.638496518,-0.082430333,0.930640996,0.730208516,0.361295253,Americas,Latin America and the Caribbean
Peru,2008,5.129230976,9.133691788,0.777106822,66.980003357,0.637672365,-0.072003379,0.896439850,0.701445818,0.353949875,Americas,Latin America and the Caribbean
Peru,2009,5.518846989,9.137562752,0.798696280,67.239997864,0.638375103,-0.084139764,0.880333722,0.757985055,0.320298076,Americas,Latin America and the Caribbean
Peru,2010,5.612785339,9.210034370,0.811914384,67.5,0.756706417,-0.065504946,0.880594134,0.744028509,0.330243468,Americas,Latin America and the Caribbean
Peru,2011,5.892457485,9.262930870,0.756304562,67.760002136,0.772759497,-0.128400072,0.823664963,0.742466450,0.330921263,Americas,Latin America and the Caribbean
Peru,2012,5.824557304,9.313336372,0.764071584,68.019996643,0.703000546,-0.084398404,0.866837919,0.705466568,0.397958517,Americas,Latin America and the Caribbean
Peru,2013,5.782557487,9.360538483,0.796768486,68.279998779,0.703041255,-0.071088098,0.869899273,0.741468310,0.390038222,Americas,Latin America and the Caribbean
Peru,2014,5.865815639,9.373643875,0.818986952,68.540000916,0.722352386,-0.141338259,0.877822161,0.743211806,0.319337994,Americas,Latin America and the Caribbean
Peru,2015,5.577263355,9.393926620,0.798418343,68.800003052,0.802269042,-0.095052451,0.883730412,0.743743539,0.378304660,Americas,Latin America and the Caribbean
Peru,2016,5.700628757,9.419086456,0.802856445,68.974998474,0.829843879,-0.139206946,0.865919590,0.791096807,0.338006854,Americas,Latin America and the Caribbean
Peru,2017,5.710936546,9.428893089,0.830123365,69.150001526,0.826552153,-0.159627944,0.895384133,0.767763197,0.393873721,Americas,Latin America and the Caribbean
Peru,2018,5.679661274,9.449060440,0.845301390,69.324996948,0.829641998,-0.183639124,0.906244636,0.783017695,0.380032867,Americas,Latin America and the Caribbean
Peru,2019,5.999381542,9.452122688,0.809075952,69.5,0.814805925,-0.134743199,0.873601913,0.793809652,0.374985486,Americas,Latin America and the Caribbean
Peru,2020,4.994379044,9.322538376,0.748887837,69.675003052,0.805973649,-0.094083458,0.911601484,0.736464798,0.481483608,Americas,Latin America and the Caribbean
Peru,2021,5.694317818,9.436187744,0.818539441,69.849998474,0.811777532,-0.089895017,0.879913747,0.783769429,0.368650228,Americas,Latin America and the Caribbean
Peru,2022,5.892068863,9.452811241,0.822743475,70.025001526,0.764267087,-0.180319995,0.883991420,0.755063951,0.378050268,Americas,Latin America and the Caribbean
Peru,2023,5.935666084,9.459396362,0.786517978,70.199996948,0.756995559,-0.060663074,0.919480383,0.764844358,0.370369434,Americas,Latin America and the Caribbean
Philippines,2006,4.669945717,8.561695099,0.795313299,61.360000610,0.828273118,0.058050551,0.841298819,0.755979240,,Asia,South-eastern Asia
Philippines,2007,5.073562145,8.606146812,0.800711393,61.419998169,0.851566434,-0.026839899,0.880245566,0.736458659,0.378187776,Asia,South-eastern Asia
Philippines,2008,4.589065075,8.629970551,0.798442245,61.479999542,0.860842586,0.077666335,0.816584587,0.773812234,0.384014696,Asia,South-eastern Asia
Philippines,2009,4.879910946,8.625949860,0.775170922,61.540000916,0.873605490,-0.001253873,0.804578125,0.791430533,0.311330199,Asia,South-eastern Asia
Philippines,2010,4.941514015,8.678712845,0.804861128,61.599998474,0.893350542,0.028176164,0.812448382,0.828575552,0.293918312,Asia,South-eastern Asia
Philippines,2011,4.993956566,8.698753357,0.788763285,61.659999847,0.882837474,0.067710191,0.782946467,0.807783842,0.358326375,Asia,South-eastern Asia
Philippines,2012,5.001965046,8.748012543,0.812921703,61.720001221,0.914499581,0.047812171,0.771167636,0.811441779,0.351125270,Asia,South-eastern Asia
Philippines,2013,4.976925373,8.796467781,0.846413136,61.779998779,0.907458425,0.016276212,0.756388545,0.795774877,0.331957966,Asia,South-eastern Asia
Philippines,2014,5.312550068,8.841845512,0.813300192,61.840000153,0.902185738,-0.020210117,0.787219465,0.787262917,0.334036529,Asia,South-eastern Asia
Philippines,2015,5.547489166,8.886696815,0.853588581,61.900001526,0.911533594,-0.055983569,0.755191565,0.796321929,0.350587666,Asia,South-eastern Asia
Philippines,2016,5.430832863,8.938013077,0.821298718,61.924999237,0.907595754,-0.075891629,0.791962206,0.807433665,0.290232718,Asia,South-eastern Asia
Philippines,2017,5.594270229,8.987416267,0.851028562,61.950000763,0.925703108,-0.145832226,0.711165547,0.753483713,0.340621501,Asia,South-eastern Asia
Philippines,2018,5.869172573,9.031899452,0.845803261,61.974998474,0.917808175,-0.112193540,0.726483345,0.756184340,0.393481076,Asia,South-eastern Asia
Philippines,2019,6.267745018,9.074733734,0.845094740,62,0.909598589,-0.086673960,0.748442113,0.764526367,0.340569496,Asia,South-eastern Asia
Philippines,2020,5.079585075,8.958444595,0.781140387,62.025001526,0.932041705,-0.113675937,0.744283676,0.792735636,0.326889008,Asia,South-eastern Asia
Philippines,2021,5.965057850,8.999073029,0.778192103,62.049999237,0.905275464,-0.011690076,0.721162260,0.789731145,0.322941482,Asia,South-eastern Asia
Philippines,2022,5.994960308,9.057415009,0.819044948,62.075000763,0.952269375,-0.155343294,0.757055938,0.832860708,0.301115364,Asia,South-eastern Asia
Philippines,2023,6.183511734,9.101679802,0.795529246,62.099998474,0.931883216,-0.038038019,0.767921805,0.800451934,0.324409664,Asia,South-eastern Asia
Poland,2005,5.587209225,9.843979836,0.921527624,66.199996948,0.782473147,,0.982930899,0.610625982,0.282439232,Europe,Eastern Europe
Poland,2007,5.886137486,9.972894669,0.912639678,66.559997559,0.772223353,-0.052745383,0.925285518,0.665473282,0.237598762,Europe,Eastern Europe
Poland,2009,5.772027493,10.041151047,0.916798174,66.919998169,0.820649087,0.067779124,0.897762001,0.649224102,0.245965257,Europe,Eastern Europe
Poland,2010,5.887029648,10.072931290,0.955065310,67.099998474,0.794900477,-0.003321940,0.904697299,0.685517788,0.234237015,Europe,Eastern Europe
Poland,2011,5.646204948,10.121584892,0.904578626,67.279998779,0.868148923,-0.071888864,0.907953143,0.658624232,0.223810226,Europe,Eastern Europe
Poland,2012,5.875931740,10.136921883,0.935923874,67.459999084,0.811301708,-0.031521264,0.887895823,0.710892498,0.266746789,Europe,Eastern Europe
Poland,2013,5.746131897,10.146054268,0.911934912,67.639999390,0.775931358,-0.141771227,0.915677428,0.674865067,0.241980955,Europe,Eastern Europe
Poland,2014,5.750282288,10.184454918,0.923642278,67.819999695,0.875357091,-0.069191583,0.897741735,0.681014657,0.222643748,Europe,Eastern Europe
Poland,2015,6.007021904,10.228020668,0.893090427,68,0.793462157,-0.098368824,0.810096323,0.630626798,0.240432039,Europe,Eastern Europe
Poland,2016,6.162076473,10.257557869,0.917398810,68.175003052,0.870707512,-0.096222095,0.847753942,0.665538013,0.223536044,Europe,Eastern Europe
Poland,2017,6.201268196,10.307556152,0.881854117,68.349998474,0.830842614,-0.127201244,0.639479935,0.565854669,0.203387797,Europe,Eastern Europe
Poland,2018,6.111485004,10.365309715,0.863444209,68.525001526,0.870215118,-0.260298640,0.720451355,0.622175872,0.176010624,Europe,Eastern Europe
Poland,2019,6.242094040,10.409092903,0.878268242,68.699996948,0.882885754,-0.236807302,0.696057379,0.612847447,0.168089688,Europe,Eastern Europe
Poland,2020,6.139455318,10.390435219,0.953171730,68.875,0.767428696,-0.013857034,0.786873639,0.677396119,0.328937918,Europe,Eastern Europe
Poland,2021,5.978068829,10.460687637,0.935534835,69.050003052,0.731805563,0.121951804,0.743913174,0.699575484,0.277231276,Europe,Eastern Europe
Poland,2022,6.666265011,10.513203621,0.886446774,69.224998474,0.800018609,-0.208799869,0.667024732,0.593892157,0.140165836,Europe,Eastern Europe
Poland,2023,6.684652805,10.526970863,0.890072942,69.400001526,0.775143623,-0.232159808,0.661707103,0.555696309,0.155131266,Europe,Eastern Europe
Portugal,2006,5.405246258,10.358528137,0.905289888,68.339996338,0.882068098,-0.184415236,0.880059004,0.646715462,0.333497614,Europe,Southern Europe
Portugal,2008,5.716966629,10.383067131,0.885925412,68.819999695,0.646464109,-0.223316506,0.932685852,0.666879535,0.309280723,Europe,Southern Europe
Portugal,2010,5.094525814,10.367163658,0.863906741,69.300003052,0.721036375,-0.111818857,0.947879434,0.681019306,0.265107363,Europe,Southern Europe
Portugal,2011,5.219997883,10.351527214,0.855960667,69.540000916,0.875092566,-0.178885728,0.961977124,0.670632899,0.279200882,Europe,Southern Europe
Portugal,2012,4.993962288,10.314162254,0.866038620,69.779998779,0.773821414,-0.102900490,0.959288418,0.631479800,0.370169967,Europe,Southern Europe
Portugal,2013,5.157688141,10.310380936,0.867180824,70.019996643,0.788032770,-0.124257885,0.946257353,0.664723635,0.347898155,Europe,Southern Europe
Portugal,2014,5.126911640,10.323663712,0.861829460,70.260002136,0.846810102,-0.132219076,0.941070080,0.663038433,0.357692271,Europe,Southern Europe
Portugal,2015,5.080866337,10.345566750,0.866213858,70.5,0.800440311,-0.168927982,0.941050768,0.629159272,0.370736867,Europe,Southern Europe
Portugal,2016,5.446637154,10.368715286,0.904635370,70.625,0.838069320,-0.231115222,0.922192395,0.659148574,0.326252729,Europe,Southern Europe
Portugal,2017,5.711499214,10.405616760,0.899984837,70.75,0.905065656,-0.181714192,0.880970538,0.607893229,0.294272572,Europe,Southern Europe
Portugal,2018,5.919822693,10.435313225,0.887113273,70.875,0.877404213,-0.267363310,0.879727840,0.645731986,0.317994744,Europe,Southern Europe
Portugal,2019,6.095473289,10.461549759,0.876082599,71,0.882351100,-0.240103647,0.915165603,0.675313532,0.299874753,Europe,Southern Europe
Portugal,2020,5.767792225,10.373845100,0.874990344,71.125,0.913130760,-0.244226038,0.867157161,0.613749206,0.382812679,Europe,Southern Europe
Portugal,2021,6.183014393,10.424690247,0.894941688,71.25,0.892121136,-0.211370349,0.872229338,0.628748119,0.284006834,Europe,Southern Europe
Portugal,2022,5.952542782,10.484204292,0.862344146,71.375,0.903218091,-0.138763189,0.892955482,0.638484597,0.316203803,Europe,Southern Europe
Portugal,2023,5.954010963,10.504261017,0.894850016,71.5,0.846599162,-0.175522700,0.889157891,0.661409438,0.308817238,Europe,Southern Europe
Qatar,2009,6.417824268,11.434426308,0.894493103,64.360000610,0.864991903,0.230171159,0.183798134,0.672899783,0.258084506,Asia,Western Asia
Qatar,2010,6.849652767,11.551208496,,64.699996948,,0.095164306,,,,Asia,Western Asia
Qatar,2011,6.591604233,11.625180244,0.857350588,65.040000916,0.904687464,0.000245181,,0.660717309,0.327789903,Asia,Western Asia
Qatar,2012,6.611298561,11.616668701,0.838131666,65.379997253,0.924333632,0.148547858,,0.682699800,0.322181433,Asia,Western Asia
Qatar,2015,6.374529362,11.532453537,,66.400001526,,,,,,Asia,Western Asia
Romania,2005,5.048648357,9.732905388,0.837685466,64.5,0.800120592,,0.956884563,0.576348126,0.345686913,Europe,Eastern Europe
Romania,2007,5.393723965,9.900671005,0.736480415,64.860000610,0.685747743,-0.194144905,0.948706627,0.575024009,0.276626080,Europe,Eastern Europe
Romania,2009,5.367565155,9.957905769,0.812449574,65.220001221,0.605827630,-0.202637553,0.966794610,0.544521034,0.270051271,Europe,Eastern Europe
Romania,2010,4.909165859,9.924052238,0.689065635,65.400001526,0.565536737,-0.091107816,0.973686337,0.539418042,0.344478220,Europe,Eastern Europe
Romania,2011,5.022757530,9.973151207,0.752606809,65.580001831,0.650402188,-0.147937521,0.964042604,0.500530779,0.294461548,Europe,Eastern Europe
Romania,2012,5.166874886,9.996669769,0.740043104,65.760002136,0.644536138,-0.119568765,0.959486127,0.519568145,0.342614621,Europe,Eastern Europe
Romania,2013,5.081584454,10.003078461,0.777552068,65.940002441,0.654542148,-0.134990573,0.951843560,0.540932298,0.328619480,Europe,Eastern Europe
Romania,2014,5.726893425,10.047204971,0.752941370,66.120002747,0.754235506,-0.106719837,0.958324730,0.564956546,0.330687732,Europe,Eastern Europe
Romania,2015,5.777491093,10.083021164,0.786967337,66.300003052,0.795847714,-0.147055641,0.961650968,0.627088487,0.311574161,Europe,Eastern Europe
Romania,2016,5.968870640,10.116932869,0.809229195,66.425003052,0.821720600,-0.119759545,0.949044526,0.607439756,0.257763505,Europe,Eastern Europe
Romania,2017,6.089904785,10.201491356,0.811240137,66.550003052,0.838586688,-0.165002108,0.925658047,0.632110655,0.230836198,Europe,Eastern Europe
Romania,2018,6.150878906,10.265909195,0.817930460,66.675003052,0.845159590,-0.223677397,0.921170175,0.648865998,0.298453927,Europe,Eastern Europe
Romania,2019,6.129942417,10.308985710,0.841905951,66.800003052,0.847543180,-0.227541327,0.954130709,0.604940474,0.243659228,Europe,Eastern Europe
Romania,2020,6.785142422,10.277024269,0.869008839,66.925003052,0.863305271,-0.160923332,0.917691410,0.667786896,0.255706370,Europe,Eastern Europe
Romania,2021,6.548725605,10.340915680,0.834509134,67.050003052,0.870957971,-0.186716303,0.928280115,0.673982322,0.264397413,Europe,Eastern Europe
Romania,2022,6.436973572,10.396297455,0.830336750,67.175003052,0.836366534,-0.173361734,0.941487908,0.615097582,0.258411855,Europe,Eastern Europe
Romania,2023,6.488589764,10.430639267,0.825630784,67.300003052,0.848597169,-0.202025086,0.904699385,0.627911329,0.270979017,Europe,Eastern Europe
Russia,2006,4.963742733,9.987711906,0.894707382,58.740001678,0.643388212,-0.312144041,0.935101748,0.533524811,0.232429147,Europe,Eastern Europe
Russia,2007,5.222867489,10.071002960,0.884656370,59.180000305,0.592569709,-0.289350092,0.933464110,0.545877993,0.192846358,Europe,Eastern Europe
Russia,2008,5.618753910,10.122135162,0.882316172,59.619998932,0.642778277,-0.310636044,0.924090385,0.570209742,0.165901884,Europe,Eastern Europe
Russia,2009,5.158227921,10.040623665,0.908075571,60.060001373,0.617115140,-0.288981795,0.953601718,0.539513230,0.168979272,Europe,Eastern Europe
Russia,2010,5.384773254,10.084192276,0.908814192,60.5,0.613159001,-0.301978618,0.936571956,0.567381263,0.171420962,Europe,Eastern Europe
Russia,2011,5.388766289,10.125514030,0.883416891,60.939998627,0.625847578,-0.284455717,0.935130417,0.564264834,0.165234953,Europe,Eastern Europe
Russia,2012,5.620735645,10.163282394,0.901295125,61.380001068,0.609104156,-0.298252881,0.937517941,0.562564373,0.173604488,Europe,Eastern Europe
Russia,2013,5.537177563,10.178555489,0.880856991,61.819999695,0.661185563,-0.294971257,0.933804512,0.592296541,0.179923758,Europe,Eastern Europe
Russia,2014,6.036976814,10.168047905,0.931755424,62.259998322,0.744332075,-0.270197660,0.869267285,0.616634369,0.151346922,Europe,Eastern Europe
Russia,2015,5.995538712,10.145966530,0.924363256,62.700000763,0.685454726,-0.176691979,0.913418293,0.609346032,0.130005926,Europe,Eastern Europe
Russia,2016,5.854945660,10.146069527,0.910927355,63.075000763,0.713606298,-0.186878696,0.925462723,0.586740851,0.142497227,Europe,Eastern Europe
Russia,2017,5.578742981,10.163019180,0.896151304,63.450000763,0.730874240,-0.150597990,0.861590207,0.650563896,0.194560528,Europe,Eastern Europe
Russia,2018,5.513500214,10.190785408,0.908726096,63.825000763,0.729282200,-0.152975500,0.865311563,0.615011394,0.198796302,Europe,Eastern Europe
Russia,2019,5.440523624,10.212976456,0.910098851,64.199996948,0.714766085,-0.121995963,0.847705066,0.632024169,0.200421557,Europe,Eastern Europe
Russia,2020,5.495288849,10.188160896,0.887020171,64.574996948,0.714466453,-0.078325510,0.823047519,0.620991707,0.189521536,Europe,Eastern Europe
Russia,2021,5.448261261,10.246858597,0.861716568,64.949996948,0.670810163,0.053193014,0.807839274,0.590086401,0.190072700,Europe,Eastern Europe
Russia,2022,6.044072628,10.224997520,0.919851005,65.324996948,0.776063859,-0.074085757,0.766522646,0.613671720,0.211204171,Europe,Eastern Europe
Russia,2023,5.864812374,10.208745956,0.853754878,65.699996948,0.749966145,0.055555351,0.733434677,0.616144717,0.190402612,Europe,Eastern Europe
Rwanda,2006,4.214703560,7.087327003,0.717583358,53.5,0.915480852,,0.298643529,0.700726748,0.188996330,Africa,Sub-Saharan Africa
Rwanda,2008,4.362988949,7.212945461,0.485680968,54.700000763,0.752293468,0.014289710,0.286407232,0.632626414,0.220767915,Africa,Sub-Saharan Africa
Rwanda,2009,4.029761791,7.247148037,0.559390426,55.299999237,0.765569031,-0.003856095,0.409702867,0.658405483,0.112361915,Africa,Sub-Saharan Africa
Rwanda,2011,4.097435951,7.342778683,0.569859505,56.5,0.829036176,-0.041766357,0.161474660,0.607516348,0.154241934,Africa,Sub-Saharan Africa
Rwanda,2012,3.333047867,7.401063919,0.637147248,57.099998474,0.835491359,-0.014930538,0.081324898,0.623918176,0.132398143,Africa,Sub-Saharan Africa
Rwanda,2013,3.466387749,7.423389435,0.749632955,57.700000763,0.904272258,-0.030881146,0.117165409,0.727639854,0.167348459,Africa,Sub-Saharan Africa
Rwanda,2014,3.595678329,7.459458828,0.748304188,58.299999237,0.894025266,-0.025990535,0.078000180,0.747769415,0.133609742,Africa,Sub-Saharan Africa
Rwanda,2015,3.483108997,7.520462513,0.678143561,58.900001526,0.907892346,0.021633811,0.094604470,0.691529870,0.206402764,Africa,Sub-Saharan Africa
Rwanda,2016,3.332989931,7.554025650,0.665130913,59.224998474,0.910736382,0.021645980,0.158601388,0.714600325,0.285384238,Africa,Sub-Saharan Africa
Rwanda,2017,3.108373880,7.567848682,0.516550004,59.549999237,0.908114851,0.047803402,0.213757217,0.724039674,0.358309627,Africa,Sub-Saharan Africa
Rwanda,2018,3.561046600,7.625445366,0.616172731,59.875,0.924231648,0.053258538,0.163809955,0.765132010,0.308199167,Africa,Sub-Saharan Africa
Rwanda,2019,3.268152237,7.691963196,0.489458233,60.200000763,0.868999183,0.060119990,0.167970896,0.716731012,0.417667687,Africa,Sub-Saharan Africa
Saudi Arabia,2005,7.079644203,10.679086685,0.867819488,61.200000763,,,0.505149066,0.680691183,0.242553025,Asia,Western Asia
Saudi Arabia,2007,7.266694069,10.646012306,0.891524911,61.599998474,0.622070193,0.001660243,,0.718202651,0.231547430,Asia,Western Asia
Saudi Arabia,2008,6.811370373,10.668095589,0.823053539,61.799999237,0.531811953,-0.024159430,0.507919014,0.606720626,0.201822907,Asia,Western Asia
Saudi Arabia,2009,6.147590160,10.609858513,0.921288133,62,0.639405668,-0.111371763,0.445131570,0.682754934,0.319474906,Asia,Western Asia
Saudi Arabia,2010,6.307098389,10.626959801,0.879598320,62.200000763,0.677777231,-0.033932440,,0.645319223,0.297208935,Asia,Western Asia
Saudi Arabia,2011,6.699789524,10.706447601,0.829633653,62.400001526,0.603455663,-0.144252256,,0.698994219,0.240139723,Asia,Western Asia
Saudi Arabia,2012,6.396359444,10.737301826,0.867100954,62.599998474,0.560455382,-0.122529328,,0.691676438,0.224840984,Asia,Western Asia
Saudi Arabia,2013,6.495132923,10.744189262,0.826695323,62.799999237,0.661042333,-0.084862202,,0.691165626,0.275550067,Asia,Western Asia
Saudi Arabia,2014,6.278378010,10.763455391,0.818419814,63,0.762251675,-0.077178076,,0.663331389,0.312949479,Asia,Western Asia
Saudi Arabia,2015,6.345491886,10.790043831,0.819749713,63.200000763,0.820207238,-0.050285131,,0.667652607,0.327139378,Asia,Western Asia
Saudi Arabia,2016,6.473921299,10.793254852,0.889932334,63.400001526,0.774267733,-0.138459176,,0.724946260,0.266292661,Asia,Western Asia
Saudi Arabia,2017,6.294282436,10.769576073,0.840086281,63.599998474,0.814142168,-0.137548983,,0.702724814,0.305841893,Asia,Western Asia
Saudi Arabia,2018,6.356393337,10.772982597,0.867848396,63.799999237,0.854921520,-0.198484197,,0.695532978,0.288379908,Asia,Western Asia
Saudi Arabia,2019,6.561247349,10.758424759,0.911718428,64,0.891086578,-0.152976483,,0.673558295,0.237737328,Asia,Western Asia
Saudi Arabia,2020,6.559588432,10.709314346,0.890255928,64.199996948,0.884220123,-0.117172353,,0.701878786,0.251199067,Asia,Western Asia
Saudi Arabia,2021,6.445294380,10.749079704,0.859361112,64.400001526,0.902473032,-0.107756458,,0.728473246,0.228370279,Asia,Western Asia
Saudi Arabia,2022,6.381610394,10.820237160,0.900104523,64.599998474,,-0.031856209,,0.677459180,0.204955861,Asia,Western Asia
Saudi Arabia,2023,6.953373909,10.829442978,0.884445488,64.800003052,,0.027502920,,0.736897886,0.239862666,Asia,Western Asia
Senegal,2006,4.417352676,7.929926872,0.760252059,55.5,0.735723555,-0.059306670,0.805329144,0.687083721,0.224989697,Africa,Sub-Saharan Africa
Senegal,2007,4.679986954,7.931477547,0.718461037,55.799999237,0.698005259,-0.009352874,0.826684237,0.718160093,0.198741958,Africa,Sub-Saharan Africa
Senegal,2008,4.683499813,7.941464901,0.756298721,56.099998474,0.611876190,-0.037321724,0.879247844,0.668862700,0.252161235,Africa,Sub-Saharan Africa
Senegal,2009,4.335114002,7.941846371,0.810355306,56.400001526,0.556838155,-0.043756273,0.918035448,0.708374262,0.227579623,Africa,Sub-Saharan Africa
Senegal,2010,4.372156143,7.948086262,0.760294080,56.700000763,0.777262628,-0.084676474,0.850534856,0.669947743,0.142737702,Africa,Sub-Saharan Africa
Senegal,2011,3.834201574,7.934118271,0.602409363,57,0.640890300,-0.167802393,0.869893968,0.696441174,0.180026993,Africa,Sub-Saharan Africa
Senegal,2012,3.668736935,7.946098328,0.711077392,57.299999237,0.668252289,-0.042218439,0.851879895,0.721606612,0.213602841,Africa,Sub-Saharan Africa
Senegal,2013,3.647367001,7.942817688,0.822957873,57.599998474,0.635539532,-0.058274526,0.836612225,0.694229305,0.165078521,Africa,Sub-Saharan Africa
Senegal,2014,4.394777298,7.976007462,0.855522096,57.900001526,0.692353189,-0.051509090,0.699660003,0.696372092,0.157226577,Africa,Sub-Saharan Africa
Senegal,2015,4.617000580,8.010486603,0.701534510,58.200000763,0.719533265,-0.117392436,0.765490174,0.709879577,0.207667634,Africa,Sub-Saharan Africa
Senegal,2016,4.594533920,8.044955254,0.838994384,58.5,0.743729651,-0.091955706,0.794353724,0.781317413,0.244851768,Africa,Sub-Saharan Africa
Senegal,2017,4.683024883,8.089234352,0.743759334,58.799999237,0.686937034,-0.049960148,0.825241864,0.751474380,0.290836066,Africa,Sub-Saharan Africa
Senegal,2018,4.769377232,8.122329712,0.739354789,59.099998474,0.629223466,-0.080009386,0.804779470,0.724179924,0.247074723,Africa,Sub-Saharan Africa
Senegal,2019,5.488736629,8.140456200,0.687614083,59.400001526,0.758841753,-0.024781596,0.795673430,0.768190622,0.331925839,Africa,Sub-Saharan Africa
Senegal,2020,4.756773472,8.126944542,0.620670676,59.700000763,0.797190309,-0.052063096,0.855092525,0.815910876,0.268333048,Africa,Sub-Saharan Africa
Senegal,2021,4.902830601,8.163837433,0.645179272,60,0.758525133,0.026433641,0.821348250,0.812411606,0.264975786,Africa,Sub-Saharan Africa
Senegal,2022,4.906819820,8.178814888,0.609188676,60.299999237,0.758471966,0.048822716,0.854231179,0.812712252,0.286798924,Africa,Sub-Saharan Africa
Senegal,2023,5.092725277,8.199542999,0.668487847,60.599998474,0.797610044,0.048020113,0.835981429,0.824827194,0.258341461,Africa,Sub-Saharan Africa
Serbia,2007,4.750383854,9.535774231,0.844413042,65.279998779,0.452781171,-0.171246618,0.904949665,0.527803481,0.334419727,Europe,Southern Europe
Serbia,2009,4.380311966,9.571357727,0.770126104,65.559997559,0.372881293,-0.183570519,0.960977912,0.465632796,0.435473621,Europe,Southern Europe
Serbia,2010,4.461304188,9.582661629,0.725563347,65.699996948,0.462647259,-0.176155016,0.965472460,0.445710063,0.415409207,Europe,Southern Europe
Serbia,2011,4.815186501,9.610714912,0.773210645,65.839996338,0.440458298,-0.190804705,0.976917386,0.458074152,0.410254955,Europe,Southern Europe
Serbia,2012,5.154521942,9.608728409,0.819430411,65.980003357,0.460574687,-0.136360064,0.951667845,0.447128445,0.371236444,Europe,Southern Europe
Serbia,2013,5.101840496,9.642110825,0.828068733,66.120002747,0.532839715,-0.105845481,0.908122003,0.504834771,0.403452963,Europe,Southern Europe
Serbia,2014,5.112728596,9.630783081,0.782708704,66.260002136,0.531597257,0.065979511,0.911732435,0.473159254,0.326117814,Europe,Southern Europe
Serbia,2015,5.317685127,9.653630257,0.816251040,66.400001526,0.545892000,-0.068083674,0.859358013,0.472240627,0.302544028,Europe,Southern Europe
Serbia,2016,5.752754688,9.691707611,0.894894958,66.525001526,0.614370823,-0.073879801,0.889765203,0.492267966,0.298126608,Europe,Southern Europe
Serbia,2017,5.122031212,9.717823029,0.883770406,66.650001526,0.684846342,-0.083528295,0.851457834,0.484643012,0.326407075,Europe,Southern Europe
Serbia,2018,5.936493397,9.767256737,0.852945328,66.775001526,0.739891827,-0.105676442,0.863723576,0.527079105,0.296295851,Europe,Southern Europe
Serbia,2019,6.241407394,9.815028191,0.903294265,66.900001526,0.752504587,-0.046176840,0.813141823,0.474295795,0.242130220,Europe,Southern Europe
Serbia,2020,6.041546345,9.812616348,0.852101862,67.025001526,0.843479872,0.141915604,0.824472487,0.579138815,0.357580274,Europe,Southern Europe
Serbia,2021,6.245267391,9.894838333,0.890106082,67.150001526,0.850367904,0.261386663,0.806221604,0.567632556,0.311130971,Europe,Southern Europe
Serbia,2022,6.545587540,9.928025246,0.895832837,67.275001526,0.781608701,0.073891580,0.801118493,0.513718724,0.274567276,Europe,Southern Europe
Serbia,2023,6.441013813,9.961326599,0.894927204,67.400001526,0.806503236,0.084891275,0.781697452,0.526270688,0.205906272,Europe,Southern Europe
Sierra Leone,2006,3.628185034,7.122108936,0.561355948,46.279998779,0.679001093,0.096665360,0.836166084,0.534737051,0.380654573,Africa,Sub-Saharan Africa
Sierra Leone,2007,3.585127354,7.176826477,0.686470926,46.659999847,0.720373392,0.243465617,0.830482900,0.634748876,0.289841563,Africa,Sub-Saharan Africa
Sierra Leone,2008,2.997251034,7.204538345,0.590737224,47.040000916,0.716396332,0.143840015,0.924901426,0.587814867,0.369601429,Africa,Sub-Saharan Africa
Sierra Leone,2010,4.133955956,7.245166779,0.811872959,47.799999237,0.726268828,0.007621387,0.910440624,0.497324437,0.290469229,Africa,Sub-Saharan Africa
Sierra Leone,2011,4.501643658,7.276599884,0.781580985,48.180000305,0.769738138,0.000679906,0.854646623,0.494734854,0.299527586,Africa,Sub-Saharan Africa
Sierra Leone,2013,4.514291286,7.557454586,0.708426833,48.939998627,0.719510674,-0.075106367,0.855862677,0.540466130,0.422833472,Africa,Sub-Saharan Africa
Sierra Leone,2014,4.499970436,7.577106953,0.868556499,49.319999695,0.681497633,0.030064812,0.786132097,0.621771038,0.334213495,Africa,Sub-Saharan Africa
Sierra Leone,2015,4.908617973,7.323719025,0.610593736,49.700000763,0.624296129,0.047139786,0.824828029,0.625677109,0.414426446,Africa,Sub-Saharan Africa
Sierra Leone,2016,4.732953072,7.361058712,0.656723499,50.5,0.681202114,0.102740861,0.863264859,0.615884840,0.456180692,Africa,Sub-Saharan Africa
Sierra Leone,2017,4.089562416,7.373697758,0.652287126,51.299999237,0.710613549,0.076324560,0.848398328,0.606894493,0.495040029,Africa,Sub-Saharan Africa
Sierra Leone,2018,4.305683136,7.384190083,0.649638355,52.099998474,0.716484487,0.092584632,0.855733216,0.533417523,0.466266662,Africa,Sub-Saharan Africa
Sierra Leone,2019,3.447381496,7.412065506,0.610779762,52.900001526,0.717769563,0.071692556,0.873861432,0.521150649,0.438134462,Africa,Sub-Saharan Africa
Sierra Leone,2021,3.714294434,7.387003422,0.609334111,54.5,0.659139514,0.105733931,0.851488411,0.537982225,0.448415697,Africa,Sub-Saharan Africa
Sierra Leone,2022,2.560429573,7.399671078,0.502167702,55.299999237,0.659596384,0.097070709,0.861837387,0.493700534,0.504606605,Africa,Sub-Saharan Africa
Sierra Leone,2023,3.466577768,7.411620617,0.601413965,56.099998474,0.693507195,0.101428270,0.866305292,0.504435778,0.429989457,Africa,Sub-Saharan Africa
Singapore,2006,6.462702751,11.167978287,0.904328883,71.580001831,0.756873548,0.132058397,,0.688982964,0.266720772,Asia,South-eastern Asia
Singapore,2007,6.833754539,11.212694168,0.920632064,71.760002136,0.866892278,0.287092686,0.063614883,0.587673724,0.114406586,Asia,South-eastern Asia
Singapore,2008,6.641956806,11.177941322,0.845258594,71.940002441,0.660659015,0.039527982,0.065775275,0.626604080,0.256086707,Asia,South-eastern Asia
Singapore,2009,6.144676685,11.149061203,0.866255283,72.120002747,0.776381850,-0.081117377,0.035197988,0.450021595,0.207548290,Asia,South-eastern Asia
Singapore,2010,6.531401634,11.266920090,0.864162147,72.300003052,0.846184611,-0.024227343,0.060282066,0.527337015,0.131343439,Asia,South-eastern Asia
Singapore,2011,6.561041832,11.306365013,0.904473901,72.480003357,0.821816325,-0.154827029,0.098924451,0.403699249,0.143628925,Asia,South-eastern Asia
Singapore,2013,6.533206940,11.356089592,0.807910562,72.839996338,0.827102542,0.108811401,0.242398053,0.662853122,0.147687554,Asia,South-eastern Asia
Singapore,2014,7.062364578,11.381706238,0.822033048,73.019996643,0.834887624,0.147936612,0.132603154,0.774240196,0.180232763,Asia,South-eastern Asia
Singapore,2015,6.619524956,11.399175644,0.866436660,73.199996948,0.886890888,0.143529266,0.098943882,0.736193538,0.141585171,Asia,South-eastern Asia
Singapore,2016,6.033480644,11.421584129,0.925128222,73.300003052,0.903735638,0.136512488,0.047311153,0.745386899,0.110942468,Asia,South-eastern Asia
Singapore,2017,6.378437996,11.465143204,0.897349894,73.400001526,0.926127851,0.129030988,0.161790684,0.749874413,0.179324552,Asia,South-eastern Asia
Singapore,2018,6.374564171,11.495575905,0.902840674,73.5,0.916078210,-0.072510466,0.096562929,0.731057048,0.106870778,Asia,South-eastern Asia
Singapore,2019,6.378359795,11.497358322,0.924918354,73.599998474,0.938041747,0.020151988,0.069619603,0.674223006,0.138069153,Asia,South-eastern Asia
Singapore,2021,6.586717129,11.587486267,0.876408994,73.800003052,0.878701091,0.060267977,0.144935384,0.696990192,0.159802228,Asia,South-eastern Asia
Singapore,2022,6.333045959,11.590220451,0.851946592,73.900001526,0.873290658,0.088438138,,0.687527239,0.208983511,Asia,South-eastern Asia
Singapore,2023,6.653942108,,0.916325748,74,0.861233413,,0.152543053,0.667156935,0.190485507,Asia,South-eastern Asia
Slovakia,2006,5.264676571,9.988945961,0.953579247,65.620002747,0.542479694,-0.053623214,0.945731282,0.585977197,0.307859093,Europe,Eastern Europe
Slovakia,2010,6.052223206,10.151535034,0.919640005,66.5,0.635757685,-0.105797686,0.907136023,0.602989495,0.277206749,Europe,Eastern Europe
Slovakia,2011,5.945048332,10.176609993,0.917293429,66.720001221,0.727163136,0.005562058,0.907132328,0.588251173,0.287409574,Europe,Eastern Europe
Slovakia,2012,5.911059380,10.188010216,0.925751448,66.940002441,0.620004296,-0.032157317,0.906532168,0.584856808,0.302260816,Europe,Eastern Europe
Slovakia,2013,5.936527252,10.193243027,0.909378529,67.160003662,0.597935796,-0.054989506,0.914539933,0.612062037,0.276509553,Europe,Eastern Europe
Slovakia,2014,6.138873100,10.218887329,0.924242675,67.379997253,0.634791732,-0.129687563,0.913870215,0.618786454,0.266784608,Europe,Eastern Europe
Slovakia,2015,6.162004471,10.268317223,0.943453670,67.599998474,0.587157667,-0.132151231,0.927545130,0.632166922,0.269246429,Europe,Eastern Europe
Slovakia,2016,5.993163109,10.286281586,0.945179105,67.824996948,0.700098515,-0.064810812,0.916609168,0.688296258,0.232091576,Europe,Eastern Europe
Slovakia,2017,6.365509033,10.313687325,0.913386643,68.050003052,0.714224696,-0.058620460,0.920422673,0.709385633,0.212722480,Europe,Eastern Europe
Slovakia,2018,6.235110760,10.351815224,0.922378719,68.275001526,0.757634044,-0.171614125,0.909944654,0.669736266,0.253190041,Europe,Eastern Europe
Slovakia,2019,6.243428707,10.375248909,0.933088303,68.5,0.771121562,-0.133315042,0.925846696,0.676153421,0.251806319,Europe,Eastern Europe
Slovakia,2020,6.519098282,10.340459824,0.954159975,68.724998474,0.761896610,-0.081421778,0.900533676,0.694529951,0.274447888,Europe,Eastern Europe
Slovakia,2021,6.418503761,10.390069962,0.951163888,68.949996948,0.741533220,0.042494614,0.895546556,0.691567540,0.241131321,Europe,Eastern Europe
Slovakia,2022,6.091082096,10.409468651,0.961408913,69.175003052,0.732480109,-0.129110292,0.841282547,0.664986193,0.262731314,Europe,Eastern Europe
Slovakia,2023,6.260521889,10.424976349,0.941262782,69.400001526,0.753177226,-0.135729134,0.825238705,0.646765292,0.235034764,Europe,Eastern Europe
Slovenia,2006,5.811264515,10.398571968,0.936075211,68.559997559,0.935824215,0.037039824,0.707797885,0.608156204,0.307204872,Europe,Southern Europe
Slovenia,2009,5.830160618,10.405844688,0.918696642,69.040000916,0.895956635,-0.024547465,0.803634167,0.583327055,0.303117454,Europe,Southern Europe
Slovenia,2010,6.082555294,10.414831161,0.917203367,69.199996948,0.895522416,0.023633245,0.844790697,0.591895521,0.295366138,Europe,Southern Europe
Slovenia,2011,6.035964012,10.421330452,0.931166053,69.360000610,0.907440901,-0.030723101,0.893133819,0.587408543,0.285320938,Europe,Southern Europe
Slovenia,2012,6.062891006,10.392480850,0.924753785,69.519996643,0.904386282,-0.025270674,0.890754104,0.598477244,0.283989847,Europe,Southern Europe
Slovenia,2013,5.974888802,10.380778313,0.932119727,69.680000305,0.890059829,0.030103182,0.917839587,0.624565423,0.274269283,Europe,Southern Europe
Slovenia,2014,5.678395271,10.407099724,0.908347547,69.839996338,0.887747705,0.046733800,0.909118295,0.593501449,0.290812403,Europe,Southern Europe
Slovenia,2015,5.740642071,10.428208351,0.901163757,70,0.896007299,0.002204296,0.892197907,0.644497395,0.261418730,Europe,Southern Europe
Slovenia,2016,5.936821461,10.458895683,0.934487343,70.175003052,0.903551102,-0.060392868,0.838474393,0.597172439,0.271624178,Europe,Southern Europe
Slovenia,2017,6.166837692,10.505274773,0.928187847,70.349998474,0.920862675,-0.030686554,0.828794718,0.582310796,0.285601437,Europe,Southern Europe
Slovenia,2018,6.249419212,10.545228958,0.940971196,70.525001526,0.942045867,-0.124833822,0.839252532,0.601195991,0.275484860,Europe,Southern Europe
Slovenia,2019,6.665273666,10.572194099,0.949402273,70.699996948,0.945430517,-0.108307138,0.785441816,0.621658623,0.227838457,Europe,Southern Europe
Slovenia,2020,6.462076187,10.521321297,0.953437507,70.875,0.958442569,-0.090423480,0.796557486,0.574927151,0.313852519,Europe,Southern Europe
Slovenia,2021,6.761220932,10.597546577,0.955252588,71.050003052,0.851086736,0.025544252,0.754198194,0.642823279,0.261042506,Europe,Southern Europe
Slovenia,2022,6.723397732,10.649587631,0.941756725,71.224998474,0.930381835,0.099267811,0.762208223,0.624666810,0.241570964,Europe,Southern Europe
Slovenia,2023,6.745768547,10.664344788,0.910655141,71.400001526,0.931499362,0.031081576,0.750028193,0.614537597,0.256445765,Europe,Southern Europe
Somalia,2014,5.528272629,6.830417633,0.610835552,47.659999847,0.873878837,0.020363685,0.456470013,0.688916326,0.207215205,Africa,Sub-Saharan Africa
Somalia,2015,5.353644848,6.937022209,0.599281073,48.099998474,0.967869282,0.015748275,0.410235763,0.763963759,0.186736152,Africa,Sub-Saharan Africa
Somalia,2016,4.667941093,6.981190205,0.594416559,48.5,0.917322814,0.068985149,0.440801740,0.772739649,0.193282232,Africa,Sub-Saharan Africa
Somaliland region,2009,4.991399765,,0.879566729,,0.746303976,,0.513371766,0.707873523,0.112012178,Africa,Sub-Saharan Africa
Somaliland region,2010,4.657363415,,0.829004526,,0.820181906,,0.471094489,0.631947339,0.083425760,Africa,Sub-Saharan Africa
Somaliland region,2011,4.930571556,,0.787961662,,0.858104467,,0.357340902,0.690513849,0.122244202,Africa,Sub-Saharan Africa
Somaliland region,2012,5.057314396,,0.786291242,,0.758219004,,0.333831728,0.686731637,0.152428225,Africa,Sub-Saharan Africa
South Africa,2006,5.083986759,9.455392838,0.913030207,46,0.648762882,-0.094357446,,0.724232376,0.222731337,Africa,Sub-Saharan Africa
South Africa,2007,5.204454422,9.497470856,0.788307607,46.900001526,0.689987540,-0.168569118,0.858651042,0.658233047,0.210185051,Africa,Sub-Saharan Africa
South Africa,2008,5.346306801,9.517552376,0.809542179,47.799999237,0.748846471,-0.106410258,0.865791023,0.712142289,0.206242844,Africa,Sub-Saharan Africa
South Africa,2009,5.218430996,9.490159035,0.877359450,48.700000763,0.739409983,-0.164926410,0.904342353,0.655523777,0.230895981,Africa,Sub-Saharan Africa
South Africa,2010,4.652428627,9.508172989,0.917056024,49.599998474,0.738905966,-0.213488534,0.790628910,0.698225856,0.123753376,Africa,Sub-Saharan Africa
South Africa,2011,4.930511475,9.526732445,0.857703149,50.5,0.835448027,-0.165616170,0.819181919,0.720048368,0.230213523,Africa,Sub-Saharan Africa
South Africa,2012,5.133887768,9.537120819,0.906595111,51.400001526,0.590144992,-0.174591273,0.838216782,0.710758090,0.178183243,Africa,Sub-Saharan Africa
South Africa,2013,3.660727262,9.548055649,0.839424491,52.299999237,0.714169025,-0.088712476,0.799543023,0.740163863,0.166549087,Africa,Sub-Saharan Africa
South Africa,2014,4.828456402,9.546331406,0.881152213,53.200000763,0.794030964,-0.128465921,0.820258021,0.729684711,0.243358150,Africa,Sub-Saharan Africa
South Africa,2015,4.887325764,9.538723946,0.898096263,54.099998474,0.862449408,-0.138307467,0.852694750,0.716541946,0.160787657,Africa,Sub-Saharan Africa
South Africa,2016,4.769739628,9.535627365,0.875389755,54.625,0.774136424,-0.081998058,0.812858999,0.742890537,0.301327765,Africa,Sub-Saharan Africa
South Africa,2017,4.513655186,9.543267250,0.870313287,55.150001526,0.787427902,-0.140966266,0.864781916,0.708703458,0.268175244,Africa,Sub-Saharan Africa
South Africa,2018,4.883922100,9.546120644,0.841343999,55.674999237,0.752731323,-0.063235320,0.841192603,0.735954940,0.282708496,Africa,Sub-Saharan Africa
South Africa,2019,5.034863472,9.536199570,0.847719729,56.200000763,0.738338530,-0.147067338,0.819823623,0.727414131,0.268456221,Africa,Sub-Saharan Africa
South Africa,2020,4.946800709,9.458442688,0.891050339,56.724998474,0.756946266,-0.029581254,0.912407219,0.760583580,0.294276476,Africa,Sub-Saharan Africa
South Africa,2021,5.598653793,9.496415138,0.922238767,57.25,0.703564703,-0.147917509,0.891578615,0.784321010,0.172806978,Africa,Sub-Saharan Africa
South Africa,2022,5.581030369,9.508222580,0.886619210,57.775001526,0.712513149,-0.071439356,0.908311546,0.743517756,0.239278466,Africa,Sub-Saharan Africa
South Africa,2023,5.075719357,9.502883911,0.839282095,58.299999237,0.747669756,-0.109230869,0.861435533,0.707858741,0.254731089,Africa,Sub-Saharan Africa
South Korea,2006,5.332177639,10.308636665,0.775498927,70.019996643,0.715241730,-0.057847090,0.798615158,0.545332074,0.338152170,Asia,Eastern Asia
South Korea,2007,5.767275810,10.359960556,0.826712310,70.239997864,0.655827999,-0.065127350,0.802753150,0.611897051,0.226402089,Asia,Eastern Asia
South Korea,2008,5.389624596,10.382052422,0.753609836,70.459999084,0.523678780,-0.108060695,0.770959556,0.553983271,0.239057273,Asia,Eastern Asia
South Korea,2009,5.647689819,10.384800911,0.810902715,70.680000305,0.600165665,-0.101789176,0.787497342,0.595678627,0.208521008,Asia,Eastern Asia
South Korea,2010,6.116024494,10.445652008,0.815516651,70.900001526,0.676652968,-0.039100353,0.751621127,0.626363039,0.130337119,Asia,Eastern Asia
South Korea,2011,6.946599007,10.474155426,0.809104383,71.120002747,0.682356060,-0.054365233,0.827300906,0.587293863,0.167832613,Asia,Eastern Asia
South Korea,2012,6.003286839,10.492639542,0.775397360,71.339996338,0.618398070,,0.843719423,0.610191762,0.206364661,Asia,Eastern Asia
South Korea,2013,5.958809853,10.519244194,0.796694160,71.559997559,0.641884267,-0.055694778,0.831863225,0.588525295,0.188765511,Asia,Eastern Asia
South Korea,2014,5.801325321,10.544485092,0.737754107,71.779998779,0.623193622,-0.048812803,0.834068358,0.575068653,0.282807708,Asia,Eastern Asia
South Korea,2015,5.780211449,10.566916466,0.768350601,72,0.615848780,-0.041477427,0.840721607,0.560941756,0.244323716,Asia,Eastern Asia
South Korea,2016,5.970564365,10.591990471,0.811163485,72.275001526,0.590956032,0.020464916,0.861816347,0.583131433,0.232732683,Asia,Eastern Asia
South Korea,2017,5.873887062,10.620287895,0.806929946,72.550003052,0.538113713,0.008450351,0.850690424,0.545988142,0.234825626,Asia,Eastern Asia
South Korea,2018,5.840231419,10.644612312,0.797723830,72.824996948,0.600161672,-0.095010556,0.796825886,0.578780234,0.217145726,Asia,Eastern Asia
South Korea,2019,5.902816772,10.663325310,0.783160865,73.099998474,0.706032395,-0.061466824,0.717696130,0.593178034,0.235966519,Asia,Eastern Asia
South Korea,2020,5.792695522,10.654827118,0.807952285,73.375,0.711480439,-0.112356253,0.664694011,0.549814105,0.247059658,Asia,Eastern Asia
South Korea,2021,6.112745285,10.697208405,0.810740769,73.650001526,0.717086375,-0.033209298,0.685114563,0.566271067,0.221171260,Asia,Eastern Asia
South Korea,2022,5.950013638,10.724750519,0.810035110,73.925003052,0.723479927,0.001729897,0.747344434,0.584980786,0.232855499,Asia,Eastern Asia
South Korea,2023,6.111918926,10.741768837,0.799441338,74.199996948,0.762343049,-0.003665844,0.713588834,0.603400409,0.245323658,Asia,Eastern Asia
South Sudan,2014,3.831992388,,0.545118451,52.880001068,0.567259312,,0.741540551,0.578409851,0.428319663,Africa,Sub-Saharan Africa
South Sudan,2015,4.070771217,,0.584781349,53,0.511631012,,0.709605932,0.552726328,0.449795097,Africa,Sub-Saharan Africa
South Sudan,2016,2.888112307,,0.532151818,53.174999237,0.439919025,,0.785317779,0.593741238,0.549256921,Africa,Sub-Saharan Africa
South Sudan,2017,2.816622496,,0.556822658,53.349998474,0.456011087,,0.761269629,0.564999282,0.517363787,Africa,Sub-Saharan Africa
Spain,2005,7.152785778,10.544351578,0.961042881,70.400001526,0.916164696,,0.777272284,0.694322646,0.240642577,Europe,Southern Europe
Spain,2007,6.994614601,10.584558487,0.956858516,70.639999390,0.782082140,-0.099265955,0.783717752,0.717415452,0.263592541,Europe,Southern Europe
Spain,2008,7.294472694,10.577436447,0.948270500,70.760002136,0.833786070,-0.155407771,0.683210194,0.649402082,0.259690791,Europe,Southern Europe
Spain,2009,6.198601246,10.530221939,0.929453850,70.879997253,0.748514712,-0.133164123,0.797704637,0.645007908,0.335877061,Europe,Southern Europe
Spain,2010,6.188262463,10.527245522,0.949940383,71,0.796495557,-0.143822759,0.839746296,0.645088673,0.321819484,Europe,Southern Europe
Spain,2011,6.518249035,10.515514374,0.944443703,71.120002747,0.818650901,-0.127574667,0.845543444,0.666956425,0.356101543,Europe,Southern Europe
Spain,2012,6.290690422,10.484829903,0.937023342,71.239997864,0.754586101,-0.065242983,0.843593001,0.644379139,0.366474479,Europe,Southern Europe
Spain,2013,6.150027275,10.473973274,0.928640485,71.360000610,0.759356439,-0.107285514,0.915822566,0.662719071,0.371839374,Europe,Southern Europe
Spain,2014,6.456477642,10.490824699,0.947864413,71.480003357,0.738472342,-0.034010887,0.853887916,0.682676077,0.335460007,Europe,Southern Europe
Spain,2015,6.380663395,10.529267311,0.956471860,71.599998474,0.732000470,-0.078198567,0.821664929,0.704702199,0.284693688,Europe,Southern Europe
Spain,2016,6.318612099,10.558347702,0.941736817,71.724998474,0.768173754,-0.053963561,0.818558574,0.629933596,0.300829351,Europe,Southern Europe
Spain,2017,6.230173111,10.585325241,0.903158188,71.849998474,0.755560756,-0.038002219,0.791268766,0.601178527,0.302387655,Europe,Southern Europe
Spain,2018,6.513370991,10.603533745,0.910314679,71.974998474,0.722250700,-0.080874793,0.776504457,0.635578990,0.357190847,Europe,Southern Europe
Spain,2019,6.457449436,10.616002083,0.949013472,72.099998474,0.777966738,-0.054456647,0.730337620,0.636199594,0.315518320,Europe,Southern Europe
Spain,2020,6.502175331,10.490920067,0.934934676,72.224998474,0.783256531,-0.126773462,0.729977489,0.671131015,0.316617101,Europe,Southern Europe
Spain,2021,6.469611168,10.543588638,0.926416755,72.349998474,0.781794965,-0.076045476,0.729346991,0.639074683,0.323980331,Europe,Southern Europe
Spain,2022,6.336902142,10.592477798,0.933899879,72.474998474,0.781408846,-0.001003757,0.673111916,0.635929227,0.319961518,Europe,Southern Europe
Spain,2023,6.456033230,10.608960152,0.912134528,72.599998474,0.778683066,-0.003899825,0.674821138,0.654593587,0.325137466,Europe,Southern Europe
Sri Lanka,2006,4.344610691,8.936827660,0.863598704,62.279998779,0.723847628,0.055142485,0.837784767,0.638567686,0.216329843,Asia,Southern Asia
Sri Lanka,2007,4.414805412,8.992175102,0.838327467,62.759998322,0.735852897,0.102791168,0.846718311,0.590271056,0.219856173,Asia,Southern Asia
Sri Lanka,2008,4.430846214,9.039716721,0.815702736,63.240001678,0.833835602,0.155735835,0.861397326,0.655605435,0.152587533,Asia,Southern Asia
Sri Lanka,2009,4.212026596,9.064838409,0.829611897,63.720001221,0.798871219,0.299380153,0.689926445,0.660928369,0.172400951,Asia,Southern Asia
Sri Lanka,2010,3.976905107,9.132903099,0.814367235,64.199996948,0.738208532,0.252004921,0.769477904,0.703510880,0.163471773,Asia,Southern Asia
Sri Lanka,2011,4.180569172,9.206836700,0.841938436,64.680000305,0.822637260,0.138303041,0.760300696,0.730495930,0.174926728,Asia,Southern Asia
Sri Lanka,2012,4.224593163,9.282116890,0.824357271,65.160003662,0.800397217,0.154795185,0.822879076,0.761135697,0.196870834,Asia,Southern Asia
Sri Lanka,2013,4.364694118,9.316396713,0.809175253,65.639999390,0.834020317,0.261792511,0.842013538,0.775873661,0.208129510,Asia,Southern Asia
Sri Lanka,2014,4.267932892,9.373141289,0.804798007,66.120002747,0.867936432,0.291339427,0.790626824,0.784851849,0.186895683,Asia,Southern Asia
Sri Lanka,2015,4.611606598,9.409771919,0.862500072,66.599998474,0.902074754,0.311648220,0.859470963,0.789435446,0.234751269,Asia,Southern Asia
Sri Lanka,2017,4.330945492,9.513737679,0.822770596,66.800003052,0.827077389,0.082873240,0.844210029,0.728681266,0.269727528,Asia,Southern Asia
Sri Lanka,2018,4.435023785,9.529016495,0.832882166,66.900001526,0.858873606,0.095614053,0.855907619,0.773361444,0.301813632,Asia,Southern Asia
Sri Lanka,2019,4.213299274,9.520689964,0.814939141,67,0.824277341,0.042531747,0.863342285,0.753170788,0.314542711,Asia,Southern Asia
Sri Lanka,2020,4.778489113,9.468035698,0.842499971,67.099998474,0.803484857,-0.049984325,0.768454254,0.758137345,0.285134345,Asia,Southern Asia
Sri Lanka,2021,4.103446960,9.491800308,0.812373936,67.199996948,0.771430016,-0.013216706,0.848541498,0.733172596,0.311583638,Asia,Southern Asia
Sri Lanka,2022,3.984860182,9.409202576,0.825453520,67.300003052,0.740057170,0.037500851,0.899854481,0.715404809,0.321318030,Asia,Southern Asia
Sri Lanka,2023,3.602454901,9.364070892,0.790229857,67.400001526,0.753907204,0.050489277,0.921878397,0.709381640,0.352604866,Asia,Southern Asia
"Palestine, State of",2006,4.716387749,8.201192856,0.817945421,,0.546506464,,0.857823968,0.491536111,0.430579603,Asia,Western Asia
"Palestine, State of",2007,4.151053905,8.180532455,0.711818635,,0.365296155,-0.082836032,0.844180405,0.515242279,0.412327886,Asia,Western Asia
"Palestine, State of",2008,4.385603428,8.275285721,0.665910721,,0.357756525,-0.075181343,0.753213048,0.512986898,0.403282553,Asia,Western Asia
"Palestine, State of",2009,4.470191479,8.336611748,0.738076687,,0.467811942,-0.091212265,0.797354221,0.473767519,0.466428250,Asia,Western Asia
"Palestine, State of",2010,4.702603817,8.362595558,0.821746290,,0.504262269,-0.121087492,0.752414644,0.552512765,0.381490052,Asia,Western Asia
"Palestine, State of",2011,4.751219749,8.451590538,0.750832260,,0.521889269,-0.130751416,0.750207603,0.499074280,0.387651235,Asia,Western Asia
"Palestine, State of",2012,4.646608353,8.598371506,0.782169104,,0.541582882,-0.163478181,0.730194092,0.559733331,0.378503829,Asia,Western Asia
"Palestine, State of",2013,4.844027996,8.594526291,0.760899544,,0.453903377,-0.163051784,0.779645741,0.536738992,0.365275741,Asia,Western Asia
"Palestine, State of",2014,4.721938133,8.618412018,0.775086701,,0.657049835,-0.163481593,0.804165423,0.504632056,0.380452424,Asia,Western Asia
"Palestine, State of",2015,4.695239067,8.683147430,0.766101241,,0.556040943,-0.172710478,0.774301350,0.536447167,0.369084895,Asia,Western Asia
"Palestine, State of",2016,4.906618118,8.737954140,0.817770958,,0.607669413,-0.151452482,0.812464654,0.543776095,0.377641797,Asia,Western Asia
"Palestine, State of",2017,4.628132820,8.733620644,0.824345112,,0.631611288,-0.185715392,0.830646336,0.533918321,0.416072041,Asia,Western Asia
"Palestine, State of",2018,4.553921700,8.717741013,0.819479287,,0.654534519,-0.162764981,0.813779533,0.528392315,0.418928534,Asia,Western Asia
"Palestine, State of",2019,4.482537270,8.716377258,0.832550049,,0.653488278,-0.135231897,0.829282761,0.538072765,0.399672300,Asia,Western Asia
"Palestine, State of",2022,4.907760143,,0.859654725,,0.694852710,,0.835794926,0.584110856,0.361775726,Asia,Western Asia
"Palestine, State of",2023,4.851185322,,0.831444502,,0.707762122,,0.808127403,0.579646289,0.378292173,Asia,Western Asia
Sudan,2009,4.454917431,8.456879616,0.911406994,57.459999084,0.709978640,0.046408799,0.701229393,0.687828958,0.244927168,Africa,Northern Africa
Sudan,2010,4.435159683,8.464909554,0.854824424,57.700000763,0.648155332,-0.073113501,0.736897171,0.589273751,0.220789164,Africa,Northern Africa
Sudan,2011,4.314456463,8.526615143,0.817785621,57.939998627,0.582538784,-0.052559532,0.662519455,0.532101870,0.248500824,Africa,Northern Africa
Sudan,2012,4.550499439,8.457668304,0.812500715,58.180000305,0.411947906,-0.072497368,0.733679295,0.510919631,0.242373869,Africa,Northern Africa
Sudan,2014,4.138672829,8.471488953,0.810615540,58.659999847,0.390095800,-0.079750925,0.793785036,0.461327523,0.302724987,Africa,Northern Africa
Suriname,2012,6.269286633,9.873830795,0.797262073,62.840000153,0.885488451,-0.088416919,0.751282871,0.730167687,0.250364989,Americas,Latin America and the Caribbean
Sweden,2005,7.376315594,10.724154472,0.951469898,71,0.964395404,,,0.742479682,0.150766104,Europe,Northern Europe
Sweden,2007,7.241362572,10.790501595,0.916559398,71.080001831,0.909961820,0.141388595,0.289332151,0.735470712,0.177412212,Europe,Northern Europe
Sweden,2008,7.515997410,10.778195381,0.923092127,71.120002747,0.911609292,0.120280422,0.313961208,0.762800634,0.134403035,Europe,Northern Europe
Sweden,2009,7.265977383,10.725308418,0.902532995,71.160003662,0.864004612,0.215578526,0.292112172,0.761239767,0.151362836,Europe,Northern Europe
Sweden,2010,7.496018887,10.774600029,0.970242620,71.199996948,0.904699981,0.136419803,0.253086656,0.788177967,0.200112030,Europe,Northern Europe
Sweden,2011,7.382232189,10.798501968,0.920521259,71.239997864,0.941115439,0.156488225,0.268513024,0.761534154,0.179151982,Europe,Northern Europe
Sweden,2012,7.560147762,10.785203934,0.929397464,71.279998779,0.944382191,0.126954377,0.253543109,0.795511067,0.170226127,Europe,Northern Europe
Sweden,2013,7.434010506,10.788538933,0.915648043,71.319999695,0.935910523,0.153911248,0.324481547,0.781510413,0.184420303,Europe,Northern Europe
Sweden,2014,7.239147663,10.804847717,0.932719827,71.360000610,0.945273399,0.196740150,0.250389993,0.793269098,0.207688317,Europe,Northern Europe
Sweden,2015,7.288922310,10.838187218,0.929459989,71.400001526,0.935072064,0.206192046,0.231964141,0.766197622,0.190991774,Europe,Northern Europe
Sweden,2016,7.368744373,10.846117020,0.912060678,71.525001526,0.918036401,0.140747845,0.246182442,0.752162457,0.200606912,Europe,Northern Europe
Sweden,2017,7.286804676,10.857997894,0.914016783,71.650001526,0.934582114,0.165284082,0.239366919,0.756171644,0.175066829,Europe,Northern Europe
Sweden,2018,7.374792099,10.865694046,0.930679560,71.775001526,0.941724658,0.071695581,0.262796581,0.746743917,0.160755426,Europe,Northern Europe
Sweden,2019,7.398092747,10.875224113,0.933645070,71.900001526,0.941515207,0.085424945,0.250087917,0.774585247,0.201999709,Europe,Northern Europe
Sweden,2020,7.314341068,10.846055984,0.935582340,72.025001526,0.951181591,0.084171407,0.203440145,0.717195928,0.221933290,Europe,Northern Europe
Sweden,2021,7.439280033,10.892507553,0.931819558,72.150001526,0.953379214,0.172187507,0.191473097,0.762894452,0.190008253,Europe,Northern Europe
Sweden,2022,7.431214333,10.911781311,0.949338436,72.275001526,0.939461946,0.232394695,0.213236347,0.750373483,0.163275763,Europe,Northern Europe
Sweden,2023,7.160777092,10.902136803,0.926617563,72.400001526,0.926378608,0.146668240,0.253073782,0.738825977,0.194445401,Europe,Northern Europe
Switzerland,2006,7.473252773,11.055937767,0.951352119,71.160003662,0.918957710,0.283896208,0.407931417,0.742093623,0.211929336,Europe,Western Europe
Switzerland,2009,7.524520874,11.064666748,0.938339293,71.339996338,0.891277194,0.118213557,0.342427015,0.740781784,0.201584592,Europe,Western Europe
Switzerland,2012,7.776208878,11.094125748,0.946863890,71.519996643,0.945428014,0.131408244,0.323240787,0.792705119,0.176007092,Europe,Western Europe
Switzerland,2014,7.492803574,11.111415863,0.958796322,71.639999390,0.949401438,0.053017356,0.283089578,0.787933230,0.188794166,Europe,Western Europe
Switzerland,2015,7.572136879,11.116344452,0.938333750,71.699996948,0.927802444,0.101598851,0.209533513,0.794053614,0.165759072,Europe,Western Europe
Switzerland,2016,7.458519936,11.125900269,0.927628279,71.900001526,0.933947086,0.080872230,0.301562965,0.758317292,0.206316724,Europe,Western Europe
Switzerland,2017,7.473593235,11.130105019,0.949661374,72.099998474,0.924996912,0.172508076,0.316183478,0.733584106,0.195871487,Europe,Western Europe
Switzerland,2018,7.508586884,11.150940895,0.930290997,72.300003052,0.926414549,0.093608119,0.301259965,0.755630374,0.191520154,Europe,Western Europe
Switzerland,2019,7.694221020,11.155162811,0.948512852,72.5,0.913166702,0.028719801,0.293700755,0.742527902,0.170761779,Europe,Western Europe
Switzerland,2020,7.508435249,11.123814583,0.946316481,72.699996948,0.917343259,-0.072716221,0.280367136,0.730246305,0.193228990,Europe,Western Europe
Switzerland,2021,7.327672482,11.157640457,0.934393048,72.900001526,0.907875359,0.023514310,0.286672562,0.746781290,0.182606846,Europe,Western Europe
Switzerland,2022,6.883844376,11.170431137,0.880787432,73.099998474,0.848361075,0.127578989,0.234620094,0.710059524,0.179944366,Europe,Western Europe
Switzerland,2023,6.968832970,11.169257164,0.903757095,73.300003052,0.890971661,0.103554204,0.246743873,0.745367944,0.184581637,Europe,Western Europe
Syria,2008,5.323332310,8.657538414,0.712369621,68.620002747,0.660753250,0.115817241,0.680203855,0.562246561,0.338427007,Asia,Western Asia
Syria,2009,4.978970528,8.656476021,0.842402101,66.860000610,0.748258770,0.076074749,0.687760472,0.490969032,0.292455465,Asia,Western Asia
Syria,2010,4.464707851,8.732948303,0.934231639,65.099998474,0.647047997,0.002191700,0.743093967,0.489091724,0.224643707,Asia,Western Asia
Syria,2011,4.037889481,8.735453606,0.575722337,63.340000153,0.530432761,0.124657586,0.740585506,0.521413982,0.495505452,Asia,Western Asia
Syria,2012,3.164491177,8.577606201,0.588395178,61.580001831,0.466770619,0.309548378,0.672964215,0.451004714,0.704589665,Asia,Western Asia
Syria,2013,2.687552929,8.418934822,0.585450053,59.819999695,0.454882890,0.218532383,0.663430989,0.353619248,0.622229934,Asia,Western Asia
Syria,2015,3.461912870,8.492067337,0.463912874,56.299999237,0.448270857,0.035887368,0.685236931,0.363018543,0.642588735,Asia,Western Asia
Taiwan,2006,6.189050198,10.601690292,0.882246196,68.680000305,0.629909635,-0.034993432,0.845849812,0.682515800,0.094316125,Asia,Eastern Asia
Taiwan,2008,5.547682285,10.600387573,0.830004990,69.139999390,0.641715348,-0.022306930,0.784831822,0.682018161,0.169156894,Asia,Eastern Asia
Taiwan,2010,6.228530884,10.680940628,0.831412911,69.599998474,0.676587284,-0.000566014,0.821364701,0.738164246,0.135867342,Asia,Eastern Asia
Taiwan,2011,6.308915138,10.693416595,0.862520754,,0.761488199,0.030089114,0.754584312,0.727105975,0.112288088,Asia,Eastern Asia
Taiwan,2012,6.125916958,10.717881203,0.825072408,,0.698195159,0.015578330,0.802829146,0.701637328,0.140010804,Asia,Eastern Asia
Taiwan,2013,6.340344429,10.723531723,0.816992879,,0.690070868,-0.002616131,0.841231883,0.754478216,0.124444835,Asia,Eastern Asia
Taiwan,2014,6.363496780,10.749410629,0.870011866,,0.692899764,0.089406744,0.865740597,0.767370105,0.108366139,Asia,Eastern Asia
Taiwan,2015,6.450088024,10.778759956,0.885388851,,0.700810492,0.017149907,0.857194841,0.750357687,0.129348695,Asia,Eastern Asia
Taiwan,2016,6.512850761,10.768047333,0.894989252,,0.718925178,-0.048644729,0.810521007,0.742680013,0.108305417,Asia,Eastern Asia
Taiwan,2017,6.359450817,10.774065971,0.891119123,,0.759654760,-0.069619223,0.742780089,0.715303183,0.114123158,Asia,Eastern Asia
Taiwan,2018,6.467004776,10.780801773,0.896458745,,0.741032779,-0.178698182,0.735970736,0.745919168,0.092695646,Asia,Eastern Asia
Taiwan,2019,6.537089825,10.797459602,0.893430591,,0.814484477,-0.130699441,0.718112350,0.762097180,0.093412384,Asia,Eastern Asia
Taiwan,2020,6.751067638,,0.900832534,,0.798834741,,0.710567415,0.743168890,0.082736954,Asia,Eastern Asia
Taiwan,2021,6.246744156,,0.866297543,,0.818467379,,0.675438643,0.667416632,0.122979514,Asia,Eastern Asia
Taiwan,2022,6.607147217,,0.882819533,,0.800191641,,0.657555938,0.716586888,0.095398523,Asia,Eastern Asia
Taiwan,2023,6.655351639,,0.871551275,,0.794507623,,0.640639067,0.747687042,0.110535294,Asia,Eastern Asia
Tajikistan,2006,4.613099098,7.590970516,0.723840773,60.5,0.701759934,-0.096136965,0.768155158,0.494062990,0.194670647,Asia,Central Asia
Tajikistan,2007,4.431608677,7.647689819,0.726655126,60.599998474,0.818355024,-0.007398445,0.658519804,0.619465351,0.133113757,Asia,Central Asia
Tajikistan,2008,5.063986778,7.704949379,0.700900733,60.700000763,0.815954745,0.009649895,0.723376989,0.487898767,0.160435960,Asia,Central Asia
Tajikistan,2009,4.575174809,7.723743439,0.675653040,60.799999237,0.743786514,-0.007423322,0.791703999,0.474870116,0.203190178,Asia,Central Asia
Tajikistan,2010,4.380636215,7.766415119,0.759163022,60.900001526,0.784495890,0.053608634,0.678527772,0.482640594,0.191733032,Asia,Central Asia
Tajikistan,2011,4.262671471,7.816639423,0.750738382,61,0.776179969,-0.127188250,0.672199190,0.573455215,0.165632233,Asia,Central Asia
Tajikistan,2012,4.496571541,7.867161274,0.728590906,61.099998474,0.749034524,-0.081145868,0.717097759,0.583021522,0.198191330,Asia,Central Asia
Tajikistan,2013,4.966521263,7.916152000,0.700642824,61.200000763,0.693119764,0.054914419,0.764236510,0.578209102,0.169620931,Asia,Central Asia
Tajikistan,2014,4.896157742,7.957952023,0.809826255,61.299999237,0.852732241,-0.006996950,0.698430777,0.586818874,0.196153805,Asia,Central Asia
Tajikistan,2015,5.124210835,7.992934704,0.843932509,61.400001526,0.846542120,0.013454401,0.741689622,0.633298099,0.195661336,Asia,Central Asia
Tajikistan,2016,5.103721142,8.036322594,0.856656969,61.549999237,0.703026891,0.000949555,0.631887853,0.587447524,0.219799668,Asia,Central Asia
Tajikistan,2017,5.829234123,8.082228661,0.662693322,61.700000763,0.832002461,0.115745425,0.718336880,0.580617487,0.277725339,Asia,Central Asia
Tajikistan,2018,5.497468948,8.133033752,0.875243485,61.849998474,,-0.073713459,0.577945948,0.631739080,0.219793811,Asia,Central Asia
Tajikistan,2019,5.464015484,8.181798935,0.879822910,62,,-0.053820901,0.490029365,0.663062751,0.178497195,Asia,Central Asia
Tajikistan,2020,5.373398781,8.203014374,0.789744556,62.150001526,,-0.054473694,0.549786448,0.651893914,0.344161272,Asia,Central Asia
Tajikistan,2021,5.286824226,8.271410942,0.882888913,62.299999237,,-0.071297616,0.498924732,0.655013323,0.240199998,Asia,Central Asia
Tajikistan,2022,5.175915241,8.327793121,0.865141511,62.450000763,,-0.002709252,0.396873504,0.710193038,0.219885632,Asia,Central Asia
Tajikistan,2023,5.379470825,8.371051788,0.870741546,62.599998474,,-0.054377679,0.482385397,0.637944818,0.231346413,Asia,Central Asia
Tanzania,2006,3.922484159,7.459066391,0.782916188,50.759998322,0.786858559,-0.030391745,0.649104774,0.725443363,0.209238470,Africa,Sub-Saharan Africa
Tanzania,2007,4.317949772,7.496548653,0.707851589,51.419998169,0.715832293,-0.016041825,0.706752419,0.702123582,0.219852954,Africa,Sub-Saharan Africa
Tanzania,2008,4.384741783,7.524610996,0.774360120,52.080001831,0.562211752,0.252538621,0.930031776,0.739763379,0.178047031,Africa,Sub-Saharan Africa
Tanzania,2009,3.407507896,7.550973415,0.836828411,52.740001678,0.606549144,0.304801613,0.902627051,0.733148217,0.160527438,Africa,Sub-Saharan Africa
Tanzania,2010,3.229129076,7.586582184,0.812531769,53.400001526,0.597121656,0.135162875,0.866263866,0.666602314,0.146118715,Africa,Sub-Saharan Africa
Tanzania,2011,4.073562145,7.632026672,0.882530153,54.060001373,0.736030340,-0.050029252,0.816376150,0.719679892,0.145141155,Africa,Sub-Saharan Africa
Tanzania,2012,4.006897449,7.647007465,0.832056403,54.720001221,0.577453315,0.209358558,0.886997938,0.641209841,0.195307106,Africa,Sub-Saharan Africa
Tanzania,2013,3.852394819,7.682535172,0.803418577,55.380001068,0.654182136,0.050514881,0.859005868,0.707001388,0.191287890,Africa,Sub-Saharan Africa
Tanzania,2014,3.483278513,7.716652393,0.789081037,56.040000916,0.654125094,0.106610514,0.877885878,0.693071842,0.241430685,Africa,Sub-Saharan Africa
Tanzania,2015,3.660597324,7.743151665,0.790262580,56.700000763,0.758684695,0.145067140,0.906422615,0.606502652,0.191747963,Africa,Sub-Saharan Africa
Tanzania,2016,2.902734280,7.774961472,0.637755930,57.150001526,0.775484920,0.175473228,0.739247262,0.649170816,0.245985955,Africa,Sub-Saharan Africa
Tanzania,2017,3.347121239,7.806948185,0.705010295,57.599998474,0.800495505,0.112471662,0.653606057,0.662317872,0.255335689,Africa,Sub-Saharan Africa
Tanzania,2018,3.445023298,7.828359127,0.675330400,58.049999237,0.807142138,0.150271788,0.611534059,0.701750636,0.221005499,Africa,Sub-Saharan Africa
Tanzania,2019,3.640154839,7.854687691,0.687267542,58.5,0.850132525,0.097497232,0.589293599,0.679453611,0.243097946,Africa,Sub-Saharan Africa
Tanzania,2020,3.785684109,7.844439507,0.739817083,58.950000763,0.830343485,0.292759001,0.520631671,0.667273879,0.271117926,Africa,Sub-Saharan Africa
Tanzania,2021,3.680567980,7.856840134,0.618984401,59.400001526,0.821772814,0.110067368,0.546387076,0.648245037,0.246362492,Africa,Sub-Saharan Africa
Tanzania,2022,3.615845203,7.871994972,0.600180984,59.849998474,0.856139898,0.132693291,0.584417045,0.707061291,0.195128813,Africa,Sub-Saharan Africa
Tanzania,2023,4.042028427,7.892750263,0.663485348,60.299999237,0.861729443,0.121643744,0.608898699,0.702193856,0.210070655,Africa,Sub-Saharan Africa
Thailand,2006,5.885432720,9.452481270,0.894326627,66.379997253,0.863195002,0.326442093,0.934745491,0.749904871,0.164122775,Asia,South-eastern Asia
Thailand,2007,5.783891201,9.497788429,0.888634205,66.559997559,0.870159268,0.386057884,0.897752762,0.783649325,0.180010006,Asia,South-eastern Asia
Thailand,2008,5.636471272,9.507421494,0.831711292,66.739997864,0.867833734,0.420749575,0.933372617,0.777418733,0.145058736,Asia,South-eastern Asia
Thailand,2009,5.475645065,9.493308067,0.893245280,66.919998169,0.868223727,0.520332873,0.903822482,0.808281600,0.166086391,Asia,South-eastern Asia
Thailand,2010,6.216702938,9.559039116,0.897651255,67.099998474,0.859636426,0.531520367,0.916693389,0.821447611,0.181523174,Asia,South-eastern Asia
Thailand,2011,6.663609028,9.560946465,0.884350836,67.279998779,0.926881850,0.395811528,0.923195601,0.834183812,0.116675928,Asia,South-eastern Asia
Thailand,2012,6.300235271,9.624428749,0.906098127,67.459999084,0.846932828,0.375617445,0.908612072,0.732703328,0.137503058,Asia,South-eastern Asia
Thailand,2013,6.231024742,9.644870758,0.926377833,67.639999390,0.781081975,0.452088714,0.925430059,0.781871855,0.140830517,Asia,South-eastern Asia
Thailand,2014,6.985463619,9.649187088,0.933167398,67.819999695,0.899846315,0.548465371,0.919834435,0.768266082,0.168738440,Asia,South-eastern Asia
Thailand,2015,6.201762676,9.675292015,0.866324544,68,0.884916544,0.311936498,0.913651109,0.883586407,0.174081355,Asia,South-eastern Asia
Thailand,2016,6.073639870,9.704628944,0.907543659,68.074996948,0.924145699,0.351744801,0.877978384,0.810856104,0.217879668,Asia,South-eastern Asia
Thailand,2017,5.938895226,9.741441727,0.877268732,68.150001526,0.922896802,0.208476365,0.883816779,0.775898397,0.231597617,Asia,South-eastern Asia
Thailand,2018,6.011561871,9.779569626,0.873052418,68.224998474,0.904828250,0.254773974,0.906596005,0.782850683,0.198190212,Asia,South-eastern Asia
Thailand,2019,6.022151470,9.797967911,0.903051019,68.300003052,0.898244619,0.304911882,0.877039790,0.791796386,0.208183601,Asia,South-eastern Asia
Thailand,2020,5.884544373,9.733028412,0.866702616,68.375,0.840463281,0.269917607,0.918340027,0.770296693,0.326168567,Asia,South-eastern Asia
Thailand,2021,5.638096809,9.746085167,0.882821918,68.449996948,0.835590303,0.290425032,0.943129361,0.718929410,0.297737539,Asia,South-eastern Asia
Thailand,2022,6.007117271,9.770362854,0.866995156,68.525001526,0.880613744,0.299284637,0.867953539,0.773228884,0.218288258,Asia,South-eastern Asia
Thailand,2023,6.282364368,9.807331085,0.873081505,68.599998474,0.925836265,0.337994844,0.889299929,0.810709715,0.217497319,Asia,South-eastern Asia
Togo,2006,3.202429295,7.341597557,0.435413569,50.240001678,0.628228486,-0.030360557,0.849971652,0.570732355,0.348204553,Africa,Sub-Saharan Africa
Togo,2008,2.807855129,7.312003613,0.291333675,51.119998932,0.286814392,-0.078187957,0.931986213,0.397701234,0.378714591,Africa,Sub-Saharan Africa
Togo,2011,2.936220884,7.405950069,0.302955091,52.439998627,0.584088326,-0.093389288,0.832003653,0.478781730,0.395362616,Africa,Sub-Saharan Africa
Togo,2014,2.838958740,7.509245396,0.444339007,53.759998322,0.663193226,-0.108453602,0.795341790,0.536514223,0.442813188,Africa,Sub-Saharan Africa
Togo,2015,3.768301964,7.540040016,0.478593409,54.200000763,0.771577239,-0.092475280,0.733261764,0.597042680,0.415780723,Africa,Sub-Saharan Africa
Togo,2016,3.878578424,7.569278717,0.509440958,54.700000763,0.730286777,-0.030761410,0.815044165,0.610478222,0.482885897,Africa,Sub-Saharan Africa
Togo,2017,4.360805035,7.587156773,0.507805228,55.200000763,0.716694415,-0.066011131,0.725519598,0.614387572,0.425824255,Africa,Sub-Saharan Africa
Togo,2018,4.022894859,7.612874985,0.596353889,55.700000763,0.611966252,-0.030869940,0.808537722,0.601868391,0.446454376,Africa,Sub-Saharan Africa
Togo,2019,4.179493904,7.636814594,0.538702190,56.200000763,0.617419779,0.041025307,0.736675024,0.606394589,0.443869889,Africa,Sub-Saharan Africa
Togo,2021,4.036543846,7.666983128,0.603399694,57.200000763,0.618520677,0.037114993,0.765818477,0.627953172,0.417280585,Africa,Sub-Saharan Africa
Togo,2022,4.238982201,7.700154305,0.578930080,57.700000763,0.695722461,0.002446012,0.713181138,0.593969762,0.414264590,Africa,Sub-Saharan Africa
Togo,2023,4.364938736,7.725253582,0.547155082,58.200000763,0.665011823,-0.071156792,0.684943557,0.546305120,0.361713231,Africa,Sub-Saharan Africa
Trinidad and Tobago,2006,5.832188606,10.172087669,0.886789143,61.779998779,0.840088725,0.139265895,0.917428493,0.750019670,0.229044273,Americas,Latin America and the Caribbean
Trinidad and Tobago,2008,6.696444035,10.240419388,0.858300388,62.540000916,0.838140428,0.084597684,0.958828151,0.802126884,0.183789805,Americas,Latin America and the Caribbean
Trinidad and Tobago,2011,6.518745899,10.205900192,0.862838507,63.680000305,0.775391877,0.075746566,0.899956524,0.826687574,0.134090632,Americas,Latin America and the Caribbean
Trinidad and Tobago,2013,6.167706966,10.293148041,0.883180499,64.440002441,0.846941471,0.121243134,0.947674036,0.763941884,0.285929441,Americas,Latin America and the Caribbean
Trinidad and Tobago,2017,6.191859722,10.174045563,0.916029036,65.699996948,0.859140456,0.009630375,0.911336362,0.763025999,0.248098806,Americas,Latin America and the Caribbean
Tunisia,2009,5.025470257,9.237955093,,66.220001221,0.781496286,-0.127030462,0.722210646,,,Africa,Northern Africa
Tunisia,2010,5.130520821,9.257034302,0.863187671,66.300003052,0.623592854,-0.143273488,0.732379258,0.696831405,0.248912811,Africa,Northern Africa
Tunisia,2011,4.876482010,9.223816872,0.714891434,66.379997253,0.603123665,-0.206541926,0.912656903,0.513189495,0.248196974,Africa,Northern Africa
Tunisia,2012,4.463531017,9.252343178,0.614422798,66.459999084,0.567737222,-0.183984146,0.899453163,0.490396291,0.326999813,Africa,Northern Africa
Tunisia,2013,5.245604992,9.265148163,0.647967458,66.540000916,0.536287725,-0.214259043,0.886026919,0.434686065,0.239156380,Africa,Northern Africa
Tunisia,2014,4.763594627,9.284261703,0.680260599,66.620002747,0.588934243,-0.239270285,0.783134162,0.423616856,0.320770472,Africa,Northern Africa
Tunisia,2015,5.131611824,9.282683372,0.609470010,66.699996948,0.711373389,-0.233162656,0.814824998,0.513881803,0.319542259,Africa,Northern Africa
Tunisia,2016,4.521453381,9.282791138,0.701822102,66.75,0.614438355,-0.172053352,0.810745656,0.531927884,0.378108263,Africa,Northern Africa
Tunisia,2017,4.124342918,9.294217110,0.717381597,66.800003052,0.477956653,-0.225980371,0.868826747,0.366641402,0.377196848,Africa,Northern Africa
Tunisia,2018,4.741132259,9.309884071,0.732953548,66.849998474,0.649680078,-0.198502943,0.840116620,0.535870433,0.365014285,Africa,Northern Africa
Tunisia,2019,4.315479755,9.315942764,0.609589279,66.900001526,0.659331739,-0.216798082,0.888904750,0.458863199,0.433413476,Africa,Northern Africa
Tunisia,2020,4.730811119,9.214345932,0.719013214,66.949996948,0.667758107,-0.206215590,0.877354085,0.519344747,0.438774347,Africa,Northern Africa
Tunisia,2021,4.499485970,9.249168396,0.711321533,67,0.591229916,-0.205731586,0.932745636,0.451362312,0.335503727,Africa,Northern Africa
Tunisia,2022,4.260868073,9.266504288,0.754739821,67.050003052,0.474189252,-0.233461455,0.908436537,0.458278269,0.303687036,Africa,Northern Africa
Tunisia,2023,4.505141258,9.281788826,0.701545477,67.099998474,0.482242137,-0.226395190,0.882401586,0.461158454,0.364168495,Africa,Northern Africa
Turkmenistan,2009,6.567713261,8.955208778,0.923845649,59.779998779,,-0.104743823,,0.695308208,0.151583612,Asia,Central Asia
Turkmenistan,2011,5.791754723,9.146244049,0.964418709,60.419998169,,0.015385253,,0.576615632,0.122067995,Asia,Central Asia
Turkmenistan,2012,5.463827133,9.233411789,0.945841253,60.740001678,0.785563350,-0.125841826,,0.540799439,0.116880700,Asia,Central Asia
Turkmenistan,2013,5.391762733,9.312130928,0.845733166,61.060001373,0.704529464,-0.074510373,,0.551942766,0.159606159,Asia,Central Asia
Turkmenistan,2014,5.787379265,9.391798973,0.908927441,61.380001068,0.804678082,0.028877869,,0.613807082,0.153949738,Asia,Central Asia
Turkmenistan,2015,5.791460037,9.436701775,0.960158467,61.700000763,0.701358378,0.089677744,,0.633318007,0.301038891,Asia,Central Asia
Turkmenistan,2016,5.887051582,9.479299545,0.929032266,61.799999237,0.748504400,0.001532441,,0.559697390,0.255499244,Asia,Central Asia
Turkmenistan,2017,5.229148865,9.525407791,0.908454895,61.900001526,0.720399201,0.062947333,,0.487965137,0.349627674,Asia,Central Asia
Turkmenistan,2018,4.620601654,9.569492340,0.984488964,62,0.857774079,0.256551981,,0.567175508,0.189024538,Asia,Central Asia
Turkmenistan,2019,5.474299908,9.615312576,0.981501758,62.099998474,0.891526878,0.281754375,,0.493891090,0.183343247,Asia,Central Asia
Turkey,2005,4.718733788,9.800280571,0.819936395,66.099998474,0.623114944,,0.876998603,0.478679717,,Asia,Western Asia
Turkey,2007,5.623471737,9.891304970,0.792272806,66.419998169,0.459311515,-0.183212668,0.799733341,0.592484176,0.395127177,Asia,Western Asia
Turkey,2008,5.118231773,9.887406349,0.644873619,66.580001831,0.415497869,-0.193755090,0.785390556,0.510493875,0.345338136,Asia,Western Asia
Turkey,2009,5.212841511,9.825364113,0.754645526,66.739997864,0.455817074,-0.231959686,0.852887154,0.454365164,0.316301852,Asia,Western Asia
Turkey,2010,5.490347385,9.892935753,0.794905484,66.900001526,0.514920354,-0.192064270,0.810895741,0.532230020,0.327065974,Asia,Western Asia
Turkey,2011,5.271944046,9.985816956,0.691901684,67.059997559,0.445606649,-0.246971920,0.648596227,0.512297988,0.379784316,Asia,Western Asia
Turkey,2012,5.309076309,10.017822266,0.739280581,67.220001221,0.470903218,-0.220823675,0.701850235,0.506105602,0.334832817,Asia,Western Asia
Turkey,2013,4.888177395,10.082166672,0.795451164,67.379997253,0.540723383,-0.234562114,0.698064804,0.551321387,0.391873837,Asia,Western Asia
Turkey,2014,5.579794407,10.110523224,0.863288283,67.540000916,0.649196088,-0.028577393,0.764013529,0.409512967,0.377324939,Asia,Western Asia
Turkey,2015,5.514465332,10.150138855,0.851224601,67.699996948,0.653196752,-0.020972848,0.806076229,0.390979111,0.382290989,Asia,Western Asia
Turkey,2016,5.326221943,10.165735245,0.879994631,67.875,0.644146740,-0.069762021,0.763706565,0.413586646,0.389962941,Asia,Western Asia
Turkey,2017,5.607262135,10.224948883,0.876467824,68.050003052,0.644434214,-0.242181242,0.670910537,0.393166780,0.312846124,Asia,Western Asia
Turkey,2018,5.185689449,10.245586395,0.847027302,68.224998474,0.528629065,-0.181100458,0.804878533,0.379292220,0.350773096,Asia,Western Asia
Turkey,2019,4.872073650,10.245305061,0.791656196,68.400001526,0.631083786,-0.141419217,0.760442197,0.347481340,0.368088663,Asia,Western Asia
Turkey,2020,4.861554146,10.256718636,0.856730223,68.574996948,0.510385871,-0.119459026,0.774417162,0.331563056,0.440387309,Asia,Western Asia
Turkey,2021,4.366639614,10.356680870,0.736194909,68.75,0.446527630,-0.038769957,0.810165942,0.297092021,0.470578879,Asia,Western Asia
Turkey,2022,5.093441486,10.404192924,0.829909027,68.925003052,0.470494479,-0.195351303,0.767373264,0.310751379,0.389673024,Asia,Western Asia
Turkey,2023,5.462700367,10.429203033,0.859526575,69.099998474,0.522796512,-0.159018278,0.747561455,0.344346642,0.348512709,Asia,Western Asia
Uganda,2006,3.733583927,7.370232105,0.760255516,48.740001678,0.746722817,-0.046065241,0.806588590,0.552032530,0.254417956,Africa,Sub-Saharan Africa
Uganda,2007,4.455838680,7.421669006,0.844879091,49.580001831,0.707960546,-0.006027573,0.880528808,0.670486212,0.227878153,Africa,Sub-Saharan Africa
Uganda,2008,4.568619251,7.475902081,0.812828124,50.419998169,0.577933729,-0.060209371,0.848458529,0.623278558,0.239572912,Africa,Sub-Saharan Africa
Uganda,2009,4.611985683,7.512547493,0.852087021,51.259998322,0.760231495,-0.042973749,0.840422809,0.594162881,0.296115577,Africa,Sub-Saharan Africa
Uganda,2010,4.192882061,7.538239956,0.830155492,52.099998474,0.800667286,-0.020445157,0.854991913,0.627986968,0.251241982,Africa,Sub-Saharan Africa
Uganda,2011,4.826001167,7.598933220,0.881751359,52.939998627,0.732973993,0.025522556,0.830123901,0.618214846,0.254482210,Africa,Sub-Saharan Africa
Uganda,2012,4.309237957,7.607652664,0.884721696,53.779998779,0.649463236,0.074936539,0.837545872,0.708792746,0.265322387,Africa,Sub-Saharan Africa
Uganda,2013,3.709578753,7.614126205,0.878275216,54.619998932,0.763021350,0.046271913,0.820480824,0.646537483,0.346356750,Africa,Sub-Saharan Africa
Uganda,2014,3.769919157,7.634238243,0.821205795,55.459999084,0.834174395,0.002548279,0.897995412,0.634924591,0.396719784,Africa,Sub-Saharan Africa
Uganda,2015,4.237686634,7.653903008,0.746633112,56.299999237,0.757835329,0.128034323,0.872740388,0.678660333,0.352847546,Africa,Sub-Saharan Africa
Uganda,2016,4.233261108,7.667255402,0.753540218,56.775001526,0.739409745,0.124506071,0.811069787,0.664561212,0.410066664,Africa,Sub-Saharan Africa
Uganda,2017,4.000516891,7.663124561,0.739956141,57.25,0.772344112,0.052784584,0.815770030,0.688604355,0.400025725,Africa,Sub-Saharan Africa
Uganda,2018,4.321714878,7.690243721,0.739841044,57.724998474,0.728512764,0.071644254,0.856106222,0.686664224,0.390319228,Africa,Sub-Saharan Africa
Uganda,2019,4.948051453,7.718692303,0.805487394,58.200000763,0.704376638,0.131502807,0.825612605,0.689078808,0.385220796,Africa,Sub-Saharan Africa
Uganda,2020,4.640909672,7.714449883,0.800461173,58.674999237,0.687482119,0.139874607,0.877587259,0.705435634,0.424706668,Africa,Sub-Saharan Africa
Uganda,2021,4.224533558,7.717090607,0.793349564,59.150001526,0.710621119,0.080852933,0.835011721,0.699308991,0.358832955,Africa,Sub-Saharan Africa
Uganda,2022,4.424695492,7.732556820,0.780994952,59.625,0.720351040,0.134521529,0.835681200,0.707574069,0.439270884,Africa,Sub-Saharan Africa
Uganda,2023,4.466518879,7.758769512,0.827439845,60.099998474,0.847656608,0.067090295,0.911813736,0.726051688,0.376372844,Africa,Sub-Saharan Africa
Ukraine,2006,4.803954124,9.414028168,0.852453351,60.919998169,0.623814106,-0.265140116,0.929431498,0.551184297,0.249234051,Europe,Eastern Europe
Ukraine,2007,5.252181530,9.498954773,0.820094347,61.240001678,0.493922472,-0.249144539,0.967939556,0.558919847,0.207651809,Europe,Eastern Europe
Ukraine,2008,5.172380447,9.526556969,0.860013783,61.560001373,0.486626983,-0.273148298,0.929175198,0.544517279,0.185805932,Europe,Eastern Europe
Ukraine,2009,5.165639400,9.366869926,0.845293224,61.880001068,0.460348487,-0.249470353,0.962244451,0.544606388,0.189013854,Europe,Eastern Europe
Ukraine,2010,5.057561398,9.410946846,0.883555114,62.200000763,0.483833194,-0.196919963,0.953752279,0.472101361,0.227200434,Europe,Eastern Europe
Ukraine,2011,5.083132744,9.467564583,0.859458685,62.520000458,0.578669310,-0.235875502,0.932535291,0.538531721,0.219647750,Europe,Eastern Europe
Ukraine,2012,5.030342102,9.471556664,0.897573471,62.840000153,0.563649774,-0.231316015,0.896237016,0.508998454,0.192819074,Europe,Eastern Europe
Ukraine,2013,4.710802555,9.474287987,0.896510422,63.159999847,0.568715692,-0.224541605,0.937324286,0.571862519,0.224595502,Europe,Eastern Europe
Ukraine,2014,4.297329903,9.424306870,0.876760185,63.479999542,0.533267498,0.078334764,0.926788926,0.542552173,0.248560056,Europe,Eastern Europe
Ukraine,2015,3.964542866,9.325107574,0.909439743,63.799999237,0.430592030,-0.038865898,0.952472746,0.531036317,0.241075858,Europe,Eastern Europe
Ukraine,2016,4.028690338,9.353255272,0.884961367,63.924999237,0.502541900,0.004896227,0.891075134,0.549968243,0.219624251,Europe,Eastern Europe
Ukraine,2017,4.311067104,9.380973816,0.858324885,64.050003052,0.598875523,-0.007828428,0.936764002,0.528048277,0.234763831,Europe,Eastern Europe
Ukraine,2018,4.661909103,9.420351982,0.900936723,64.175003052,0.663055062,-0.079991035,0.942960739,0.550485551,0.221851483,Europe,Eastern Europe
Ukraine,2019,4.701762199,9.457587242,0.882726490,64.300003052,0.715311766,-0.086624987,0.885004938,0.548534453,0.201131731,Europe,Eastern Europe
Ukraine,2020,5.269675732,9.426079750,0.884686291,64.425003052,0.784273446,0.120843895,0.945668995,0.628791153,0.284736186,Europe,Eastern Europe
Ukraine,2021,5.311355114,9.468798637,0.879308522,64.550003052,0.769904315,0.166062698,0.922350943,0.574909985,0.250389040,Europe,Eastern Europe
Ukraine,2022,4.637436390,9.280933380,0.863068104,64.675003052,0.829034388,0.408297777,0.851863027,0.526714623,0.389885187,Europe,Eastern Europe
Ukraine,2023,4.672444820,9.422674179,0.839185178,64.800003052,0.772263527,0.369769633,0.922391295,0.490358353,0.384988129,Europe,Eastern Europe
United Arab Emirates,2006,6.734221935,11.433054924,0.903410435,64.860000610,0.897557020,-0.043461826,0.203358769,0.693962455,0.275255412,Asia,Western Asia
United Arab Emirates,2009,6.866062641,10.952467918,0.885089338,65.040000916,0.848821878,0.014524376,0.338876456,0.718198836,0.287074417,Asia,Western Asia
United Arab Emirates,2010,7.097455502,10.908971786,0.911762357,65.099998474,0.877750754,0.050997183,0.355115891,0.700749040,0.233013570,Asia,Western Asia
United Arab Emirates,2011,7.118701458,10.965006828,0.881368935,65.160003662,0.889463484,0.063067950,,0.701554298,0.215870038,Asia,Western Asia
United Arab Emirates,2012,7.217766762,11.001253128,0.855876803,65.220001221,0.919792593,,,0.719470143,0.223985344,Asia,Western Asia
United Arab Emirates,2013,6.620951176,11.040596008,0.863715768,65.279998779,0.935978830,,,,0.291112840,Asia,Western Asia
United Arab Emirates,2014,6.539854527,11.071845055,,65.339996338,,,,,,Asia,Western Asia
United Arab Emirates,2015,6.568397522,11.128389359,0.824136674,65.400001526,0.915036201,0.191897720,,0.722089231,0.295732975,Asia,Western Asia
United Arab Emirates,2016,6.830950260,11.173873901,0.849379838,65.550003052,0.949119508,0.119985878,,0.739080667,0.244667903,Asia,Western Asia
United Arab Emirates,2017,7.039419651,11.173000336,0.835527360,65.699996948,0.962016642,0.205550283,,0.737348914,0.207598448,Asia,Western Asia
United Arab Emirates,2018,6.603743553,11.178159714,0.851041317,65.849998474,0.943664372,0.043080769,,0.722823083,0.302041829,Asia,Western Asia
United Arab Emirates,2019,6.710782528,11.181390762,0.861533284,66,0.911419511,0.117762633,,0.730051637,0.283763289,Asia,Western Asia
United Arab Emirates,2020,6.458392143,11.122372627,0.826755583,66.150001526,0.942161500,0.048910189,,0.702395320,0.298480302,Asia,Western Asia
United Arab Emirates,2021,6.733067513,11.152440071,0.826060593,66.300003052,0.951327920,0.149668083,,0.696669996,0.217109919,Asia,Western Asia
United Arab Emirates,2022,6.737605572,11.215852737,0.797737062,66.449996948,0.932295680,0.168271691,,0.715105414,0.241539121,Asia,Western Asia
United Arab Emirates,2023,6.728384018,11.235544205,0.775808215,66.599998474,0.885922134,0.155217305,,0.654695928,0.304354578,Asia,Western Asia
United Kingdom,2005,6.983556747,10.661453247,0.978839755,69.099998474,0.922354519,,0.398456872,0.779467702,0.261732221,Europe,Northern Europe
United Kingdom,2007,6.801930904,10.693000793,0.969869673,69.220001221,0.838331640,0.330680549,0.498093426,0.686200142,0.241052061,Europe,Northern Europe
United Kingdom,2008,6.986463547,10.683586121,0.953838587,69.279998779,0.759144187,0.325465113,0.547769129,0.723952413,0.218296558,Europe,Northern Europe
United Kingdom,2009,6.906547070,10.629868507,0.964428782,69.339996338,0.816228807,0.336010993,0.558927298,0.739177883,0.231028661,Europe,Northern Europe
United Kingdom,2010,7.029364109,10.646039963,0.955068171,69.400001526,0.841306746,0.397385955,0.586813152,0.753458798,0.176342949,Europe,Northern Europe
United Kingdom,2011,6.869248867,10.648844719,0.948710680,69.459999084,0.899774432,0.330587327,0.437595308,0.742470384,0.173908412,Europe,Northern Europe
United Kingdom,2012,6.880784035,10.656271935,0.934574962,69.519996643,0.888970494,0.365852356,0.425169915,0.738626719,0.184244528,Europe,Northern Europe
United Kingdom,2013,6.918055058,10.667609215,0.936884105,69.580001831,0.905278027,0.341072887,0.568043172,0.718912780,0.252095789,Europe,Northern Europe
United Kingdom,2014,6.758147717,10.691740036,0.910247326,69.639999390,0.857039690,0.349104077,0.484118432,0.740233481,0.251140326,Europe,Northern Europe
United Kingdom,2015,6.515445232,10.707466125,0.935985744,69.699996948,0.832926095,0.294440210,0.456133723,0.739562273,0.219261855,Europe,Northern Europe
United Kingdom,2016,6.824283600,10.721307755,0.954068184,69.800003052,0.821192145,0.244465992,0.458313286,0.732421219,0.229586780,Europe,Northern Europe
United Kingdom,2017,7.103273392,10.738656044,0.937495291,69.900001526,0.812733293,0.285003394,0.418611348,0.712404668,0.209572420,Europe,Northern Europe
United Kingdom,2018,7.233445168,10.749503136,0.928483903,70,0.837508380,0.219791621,0.404276013,0.736233234,0.228275612,Europe,Northern Europe
United Kingdom,2019,7.157151222,10.759778023,0.942681074,70.099998474,0.854039550,0.263926834,0.485092282,0.738786042,0.251014441,Europe,Northern Europe
United Kingdom,2020,6.798177242,10.639239311,0.929353237,70.199996948,0.884624004,0.195548385,0.490203947,0.717481315,0.224655122,Europe,Northern Europe
United Kingdom,2021,6.866961956,10.713285446,0.854029596,70.300003052,0.815077186,0.251833171,0.447526574,0.683882475,0.265625894,Europe,Northern Europe
United Kingdom,2022,6.721779823,10.754302025,0.863439500,70.400001526,0.857062578,0.307588875,0.426054806,0.722764194,0.270162135,Europe,Northern Europe
United Kingdom,2023,6.658042908,10.758543015,0.885865748,70.5,0.874444127,0.269720078,0.490030020,0.719033599,0.272324085,Europe,Northern Europe
United States,2006,7.181793690,10.920667648,0.964571774,66.779998779,0.911496103,,0.600308657,0.774832726,0.260510951,Americas,Northern America
United States,2007,7.512687683,10.931062698,,66.760002136,0.871903777,0.191134915,0.633035123,0.755915344,0.231679291,Americas,Northern America
United States,2008,7.280385971,10.922825813,0.952587247,66.739997864,0.877956271,0.248560831,0.668495476,0.774229228,0.226823047,Americas,Northern America
United States,2009,7.158032417,10.887716293,0.911793768,66.720001221,0.830683827,0.194568038,0.665393829,0.752766430,0.261661500,Americas,Northern America
United States,2010,7.163616180,10.906147957,0.926158726,66.699996948,0.828044355,0.237741396,0.689582586,0.776060641,0.231052637,Americas,Northern America
United States,2011,7.115138531,10.914259911,0.921705008,66.680000305,0.863202393,0.154507354,0.696925759,0.736950576,0.273378521,Americas,Northern America
United States,2012,7.026226997,10.929474831,0.903192282,66.660003662,0.822662294,0.208499819,0.710034430,0.764519870,0.259643853,Americas,Northern America
United States,2013,7.249285221,10.940797806,0.925396860,66.639999390,0.792255640,0.267716914,0.746894062,0.776115954,0.260328352,Americas,Northern America
United States,2014,7.151114464,10.956084251,0.902097046,66.620002747,0.866076887,0.215256065,0.702267468,0.785790622,0.281265348,Americas,Northern America
United States,2015,6.863946915,10.975425720,0.903571069,66.599998474,0.848753452,0.213494971,0.697542608,0.768670917,0.274687767,Americas,Northern America
United States,2016,6.803599834,10.984716415,0.896751285,66.474998474,0.757893085,0.138015807,0.738919556,0.736573935,0.264203817,Americas,Northern America
United States,2017,6.991759300,11.000560760,0.921002865,66.349998474,0.868496716,0.191263750,0.681191266,0.754558206,0.268269062,Americas,Northern America
United States,2018,6.882684708,11.024325371,0.903856039,66.224998474,0.824606657,0.110046245,0.709928274,0.757445514,0.292226255,Americas,Northern America
United States,2019,6.943701267,11.042456627,0.916691124,66.099998474,0.836139023,0.138237044,0.706715524,0.755090654,0.243833661,Americas,Northern America
United States,2020,7.028088093,11.004744530,0.937369823,65.974998474,0.850447297,0.027697526,0.678124607,0.721989095,0.295499027,Americas,Northern America
United States,2021,6.959087849,11.060932159,0.920008719,65.849998474,0.815734804,0.188471839,0.686591566,0.739682019,0.277191907,Americas,Northern America
United States,2022,6.692790031,11.077562332,0.900261819,65.724998474,0.735639811,0.189064860,0.701127529,0.711595833,0.267307669,Americas,Northern America
United States,2023,6.520872116,11.089292526,0.860502541,65.599998474,0.721452534,0.184887230,0.721700907,0.706367612,0.283993393,Americas,Northern America
Uruguay,2006,5.785868168,9.640083313,0.911876857,66.779998779,0.806579232,-0.125180498,0.476627111,0.701122224,0.306158066,Americas,Latin America and the Caribbean
Uruguay,2007,5.693945885,9.701532364,0.874576509,66.860000610,0.786248624,-0.177656695,0.614029229,0.709920585,0.273572266,Americas,Latin America and the Caribbean
Uruguay,2008,5.663869858,9.768592834,0.879113853,66.940002441,0.807930231,-0.155576497,0.596766949,0.684607685,0.264005780,Americas,Latin America and the Caribbean
Uruguay,2009,6.296222687,9.807747841,0.923861444,67.019996643,0.825049460,-0.131027177,0.543947875,0.722020388,0.254544437,Americas,Latin America and the Caribbean
Uruguay,2010,6.062010765,9.880350113,0.893039763,67.099998474,0.832241356,-0.170833930,0.471376240,0.738478601,0.231179178,Americas,Latin America and the Caribbean
Uruguay,2011,6.554047108,9.928006172,0.891282439,67.180000305,0.851441562,-0.092827946,0.556286037,0.702420473,0.252250046,Americas,Latin America and the Caribbean
Uruguay,2012,6.449728489,9.959955215,0.864693701,67.260002136,0.870590031,0.054271519,0.615349591,0.691910923,0.214202747,Americas,Latin America and the Caribbean
Uruguay,2013,6.444464684,10.002311707,0.917279661,67.339996338,0.888278008,-0.055981494,0.585632265,0.742915869,0.253228515,Americas,Latin America and the Caribbean
Uruguay,2014,6.561443806,10.031090736,0.901897848,67.419998169,0.904332876,-0.085651532,0.533494890,0.788126111,0.251498908,Americas,Latin America and the Caribbean
Uruguay,2015,6.628080368,10.031507492,0.891493499,67.5,0.916879654,-0.045148876,0.673475683,0.811901748,0.299538106,Americas,Latin America and the Caribbean
Uruguay,2016,6.171485424,10.045052528,0.900380909,67.5,0.886371911,-0.084854357,0.676212788,0.734732747,0.283180267,Americas,Latin America and the Caribbean
Uruguay,2017,6.336009979,10.059839249,0.913801670,67.5,0.897851646,-0.103797108,0.626581967,0.742276073,0.280323356,Americas,Latin America and the Caribbean
Uruguay,2018,6.371714592,10.059984207,0.917315602,67.5,0.876210928,-0.108686477,0.682916045,0.774895191,0.274945587,Americas,Latin America and the Caribbean
Uruguay,2019,6.600337029,10.067001343,0.933470964,67.5,0.902678788,-0.107435092,0.599399626,0.763834417,0.221730188,Americas,Latin America and the Caribbean
Uruguay,2020,6.309681416,10.002127647,0.921070337,67.5,0.907761931,-0.094427183,0.491007835,0.720520616,0.264692068,Americas,Latin America and the Caribbean
Uruguay,2021,6.501700401,10.054372787,0.913873136,67.5,0.898723900,-0.054198869,0.605642140,0.746208131,0.263209820,Americas,Latin America and the Caribbean
Uruguay,2022,6.670852661,10.103430748,0.904825211,67.5,0.877968609,-0.055178080,0.631336689,0.774694264,0.267484903,Americas,Latin America and the Caribbean
Uruguay,2023,6.661721706,10.122263908,0.908374488,67.5,0.904163778,-0.050256200,0.661657572,0.753448129,0.264817208,Americas,Latin America and the Caribbean
Uzbekistan,2006,5.232322216,8.255723000,0.903066933,61.340000153,0.784301162,-0.125256509,0.608808279,0.650082767,0.195057839,Asia,Central Asia
Uzbekistan,2008,5.311368465,8.402387619,0.894025862,61.819999695,0.831268847,-0.032906178,,0.647092998,0.186682403,Asia,Central Asia
Uzbekistan,2009,5.260720730,8.462946892,0.904677987,62.060001373,,0.003302759,0.610257804,0.646040261,0.158656552,Asia,Central Asia
Uzbekistan,2010,5.095342159,8.507943153,0.903226435,62.299999237,,-0.039931841,0.518720210,0.664852977,0.151882708,Asia,Central Asia
Uzbekistan,2011,5.738744259,8.553657532,0.924071252,62.540000916,0.934132695,0.032398771,0.521862090,0.662584543,0.122773238,Asia,Central Asia
Uzbekistan,2012,6.019331932,8.607551575,0.933141291,62.779998779,0.913550138,-0.046898913,0.463375092,0.650409043,0.118176885,Asia,Central Asia
Uzbekistan,2013,5.939986229,8.662359238,0.962780654,63.020000458,0.949539959,-0.043390661,0.433931798,0.686188698,0.130197287,Asia,Central Asia
Uzbekistan,2014,6.049212456,8.711969376,0.952406049,63.259998322,0.954481184,0.052173629,0.536461055,0.712928891,0.106158175,Asia,Central Asia
Uzbekistan,2015,5.972364426,8.764227867,0.968225241,63.5,0.979937136,0.365648687,0.470916927,0.778201997,0.103493795,Asia,Central Asia
Uzbekistan,2016,5.892539024,8.804467201,0.945102155,63.799999237,0.983803034,0.199270234,,0.771257460,0.146897659,Asia,Central Asia
Uzbekistan,2017,6.421447754,8.830646515,0.942131102,64.099998474,0.985177755,0.113638677,0.464641601,0.745110095,0.202737495,Asia,Central Asia
Uzbekistan,2018,6.205460072,8.870410919,0.920821011,64.400001526,0.969897985,0.308394700,0.520360112,0.746031344,0.208660305,Asia,Central Asia
Uzbekistan,2019,6.154049397,8.909740448,0.915275931,64.699996948,0.970294535,0.294812620,0.511196852,0.751279771,0.219745517,Asia,Central Asia
Uzbekistan,2020,5.841929913,8.910279274,0.849564791,65,0.928216279,0.189697862,0.642043591,0.677926660,0.278508723,Asia,Central Asia
Uzbekistan,2021,6.185307980,8.961943626,0.895503759,65.300003052,0.927415252,0.182671756,0.661561668,0.698459327,0.232672125,Asia,Central Asia
Uzbekistan,2022,6.016238689,8.996306419,0.878923297,65.599998474,0.959019244,0.305774331,0.615844429,0.741081834,0.224579901,Asia,Central Asia
Uzbekistan,2023,6.385360718,9.025871277,0.908859313,65.900001526,0.926783860,0.247137070,0.649539769,0.751747012,0.202206999,Asia,Central Asia
Venezuela,2005,7.169620991,9.316228867,0.955278456,65.5,0.838198006,,0.719800055,0.802928805,0.233013690,Americas,Latin America and the Caribbean
Venezuela,2006,6.525146008,9.467176437,0.946309865,65.459999084,0.798280835,-0.037244376,0.646170914,0.836671948,0.178482935,Americas,Latin America and the Caribbean
Venezuela,2008,6.257771492,9.719097137,0.922433853,65.379997253,0.678400517,-0.232035026,0.776102602,0.818030298,0.224190742,Americas,Latin America and the Caribbean
Venezuela,2009,7.188803196,9.567276001,0.944540977,65.339996338,0.676885664,-0.123816140,0.827593684,0.792498291,0.180226415,Americas,Latin America and the Caribbean
Venezuela,2010,7.478454590,9.747844696,0.931575835,65.300003052,0.768256962,-0.162844077,0.754268944,0.847399771,0.129685894,Americas,Latin America and the Caribbean
Venezuela,2011,6.579789162,9.858507156,0.930619895,65.260002136,0.766335011,-0.234725788,0.771539330,0.823433876,0.198666260,Americas,Latin America and the Caribbean
Venezuela,2012,7.066577435,9.862484932,0.931629658,65.220001221,0.804108560,-0.201090723,0.743374348,0.843570352,0.176307857,Americas,Latin America and the Caribbean
Venezuela,2013,6.552796364,9.801931381,0.896301091,65.180000305,0.641965210,-0.229989156,0.837299705,0.812144101,0.237609103,Americas,Latin America and the Caribbean
Venezuela,2014,6.136096478,9.365731239,0.903955817,65.139999390,0.569961905,-0.190795049,0.826534986,0.796721876,0.243603572,Americas,Latin America and the Caribbean
Venezuela,2015,5.568800449,8.532186508,0.911086857,65.099998474,0.512159348,-0.088825949,0.813096821,0.837068617,0.222635239,Americas,Latin America and the Caribbean
Venezuela,2016,4.041114807,7.602412224,0.901949286,64.925003052,0.457601577,-0.059512187,0.890124679,0.675662339,0.391754121,Americas,Latin America and the Caribbean
Venezuela,2017,5.070750713,5.943209171,0.895879328,64.75,0.635505021,0.050078899,0.843969226,0.697486162,0.362984866,Americas,Latin America and the Caribbean
Venezuela,2018,5.005663395,5.935121536,0.886882067,64.574996948,0.610855222,0.067952432,0.827560008,0.723259926,0.373657614,Americas,Latin America and the Caribbean
Venezuela,2019,5.080803394,5.526723385,0.887671530,64.400001526,0.625526190,0.123792097,0.839340389,0.729552984,0.350950450,Americas,Latin America and the Caribbean
Venezuela,2020,4.573829651,,0.805224240,64.224998474,0.611814618,,0.811319113,0.689349473,0.396250457,Americas,Latin America and the Caribbean
Venezuela,2021,5.107553005,,0.812418044,64.050003052,0.595620394,,0.823898435,0.697586775,0.389350802,Americas,Latin America and the Caribbean
Venezuela,2022,5.948992252,,0.899366319,63.875,0.770416737,,0.798016429,0.754336953,0.292252004,Americas,Latin America and the Caribbean
Venezuela,2023,5.765363216,,0.884667933,63.700000763,0.756530225,,0.825392902,0.757685244,0.300037950,Americas,Latin America and the Caribbean
Vietnam,2006,5.293659687,8.553801537,0.887664497,64.180000305,0.885792136,-0.006403921,,0.657484770,0.203979179,Asia,South-eastern Asia
Vietnam,2007,5.421687603,8.613061905,0.856022894,64.260002136,0.917835951,0.068220615,0.753933966,,0.205932111,Asia,South-eastern Asia
Vietnam,2008,5.480425358,8.658331871,0.804560363,64.339996338,0.888624668,0.179591149,0.789237559,0.623606741,0.217537612,Asia,South-eastern Asia
Vietnam,2009,5.304264545,8.700611115,0.815026462,64.419998169,0.834133863,-0.082831196,0.837869763,0.480906844,0.189930111,Asia,South-eastern Asia
Vietnam,2010,5.295780659,8.752190590,0.786611378,64.5,0.831494451,-0.026698021,0.742636740,0.670660913,0.215798423,Asia,South-eastern Asia
Vietnam,2011,5.767344475,8.803674698,0.897655129,64.580001831,0.818404377,0.083964311,0.742161632,0.493658513,0.192669109,Asia,South-eastern Asia
Vietnam,2012,5.534569740,8.846538544,0.775008678,64.660003662,0.856053472,-0.131484672,0.814884901,0.546053529,0.221355975,Asia,South-eastern Asia
Vietnam,2013,5.022698879,8.889822006,0.759476960,64.739997864,0.919607460,-0.048331771,0.771245837,0.688877702,0.165225267,Asia,South-eastern Asia
Vietnam,2014,5.084923267,8.941402435,0.792168498,64.819999695,,-0.021541763,,0.633852303,0.240606785,Asia,South-eastern Asia
Vietnam,2015,5.076315403,8.998518944,0.848676682,64.900001526,,0.063700341,,0.583119392,0.232416138,Asia,South-eastern Asia
Vietnam,2016,5.062267303,9.053183556,0.876323581,65,0.894351125,-0.111974694,0.799240172,0.487257183,0.222550198,Asia,South-eastern Asia
Vietnam,2017,5.175278664,9.110595703,,65.099998474,,,,,,Asia,South-eastern Asia
Vietnam,2018,5.295547009,9.173262596,0.831945240,65.199996948,0.909259796,-0.063384116,0.808422983,0.614404261,0.191061363,Asia,South-eastern Asia
Vietnam,2019,5.467451096,9.235228539,0.847592115,65.300003052,0.952469170,-0.148436964,0.787889242,0.657785714,0.185610190,Asia,South-eastern Asia
Vietnam,2020,5.462341785,9.254416466,0.764509618,65.400001526,0.944707036,0.063276097,0.791133821,0.699164987,0.286374211,Asia,South-eastern Asia
Vietnam,2021,5.540249825,9.271267891,0.799493909,65.5,0.896800399,0.104378045,0.797787547,0.650598168,0.280437410,Asia,South-eastern Asia
Vietnam,2022,6.266508579,9.341064453,0.878744006,65.599998474,0.975405157,-0.182105631,0.703422904,0.774236381,0.108473420,Asia,South-eastern Asia
Vietnam,2023,6.325115204,9.392351151,0.844905019,65.699996948,0.955560029,-0.159113646,0.655274570,0.710067570,0.119510151,Asia,South-eastern Asia
Yemen,2007,4.477132797,8.211858749,0.824968934,58.720001221,0.672685325,0.005911658,,0.523651838,0.378784448,Asia,Western Asia
Yemen,2009,4.809258938,8.250217438,0.756429732,58.639999390,0.644228697,-0.055550225,0.832427204,0.510788321,0.374159932,Asia,Western Asia
Yemen,2010,4.350312710,8.413556099,0.726612389,58.599998474,0.659283996,-0.106810108,0.853403211,0.513613045,0.308332771,Asia,Western Asia
Yemen,2011,3.746255636,8.263951302,0.662679553,58.560001373,0.638210595,-0.173591644,0.753882468,0.415944576,0.284862578,Asia,Western Asia
Yemen,2012,4.060600758,8.179214478,0.681678295,58.520000458,0.705815315,-0.171920553,0.793232739,0.412569791,0.262816578,Asia,Western Asia
Yemen,2013,4.217678547,8.166424751,0.693905294,58.479999542,0.542547464,-0.178859070,0.885196507,0.478329360,0.265685052,Asia,Western Asia
Yemen,2014,3.967957973,8.159071922,0.638252258,58.439998627,0.663908720,-0.165577546,0.885429204,0.526576996,0.275673747,Asia,Western Asia
Yemen,2015,2.982673883,7.772318363,0.668683469,58.400001526,0.609980762,-0.138422206,0.829097569,0.458002269,0.321357071,Asia,Western Asia
Yemen,2016,3.825630903,7.552322388,0.775407016,58.174999237,0.532964051,-0.144254595,,0.401007384,0.227924526,Asia,Western Asia
Yemen,2017,3.253560066,7.243477345,0.789555013,57.950000763,0.595190763,-0.127761722,,0.368106306,0.295063585,Asia,Western Asia
Yemen,2018,3.057513952,7.443574429,0.789421916,57.724998474,0.552726090,-0.127163157,0.792586863,0.409409612,0.314869940,Asia,Western Asia
Yemen,2019,4.196912766,7.447972775,0.870042801,57.5,0.651308239,-0.106460236,0.798228264,0.481123149,0.213043228,Asia,Western Asia
Yemen,2022,3.590378523,,0.872113347,56.825000763,0.606787980,,0.787554681,0.459951699,0.255151272,Asia,Western Asia
Yemen,2023,3.531573534,,0.824958205,56.599998474,0.582724273,,0.771463513,0.446534216,0.340793550,Asia,Western Asia
Zambia,2006,4.824454784,7.834034920,0.797664523,46.759998322,0.720971525,-0.012331475,0.785281360,0.663519204,0.226278365,Africa,Sub-Saharan Africa
Zambia,2007,3.998293161,7.878924847,0.687989235,47.419998169,0.682005048,-0.072705582,0.947914422,0.652708650,0.245637134,Africa,Sub-Saharan Africa
Zambia,2008,4.730263233,7.918079376,0.624418199,48.080001831,0.716993749,0.050562780,0.890299320,0.706577241,0.205723315,Africa,Sub-Saharan Africa
Zambia,2009,5.260360718,7.970727921,0.781925559,48.740001678,0.696183026,-0.100605555,0.916553378,0.693196416,0.122658856,Africa,Sub-Saharan Africa
Zambia,2011,4.999113560,8.054155350,0.864022553,50.060001373,0.662850082,-0.001180415,0.882149816,0.770685017,0.204069972,Africa,Sub-Saharan Africa
Zambia,2012,5.013374805,8.094368935,0.780022562,50.720001221,0.787760317,0.003808343,0.806394398,0.675891519,0.250368446,Africa,Sub-Saharan Africa
Zambia,2013,5.243995667,8.110990524,0.761311531,51.380001068,0.769912362,-0.108182885,0.732267559,0.726740301,0.307959944,Africa,Sub-Saharan Africa
Zambia,2014,4.345837116,8.124429703,0.706222713,52.040000916,0.811824918,-0.014411684,0.808840990,0.638975799,0.327383965,Africa,Sub-Saharan Africa
Zambia,2015,4.843164444,8.121295929,0.691483498,52.700000763,0.758653641,-0.042406719,0.871019542,0.634061992,0.381731302,Africa,Sub-Saharan Africa
Zambia,2016,4.347543716,8.126893044,0.767046630,53.125,0.811574519,0.118863039,0.770643592,0.687513888,0.372240722,Africa,Sub-Saharan Africa
Zambia,2017,3.932777405,8.130200386,0.743753910,53.549999237,0.823168576,0.136950701,0.739540637,0.660320103,0.387188882,Africa,Sub-Saharan Africa
Zambia,2018,4.041488171,8.139133453,0.717720389,53.974998474,0.790625930,0.044852931,0.810731292,0.662484407,0.350962847,Africa,Sub-Saharan Africa
Zambia,2019,3.306796551,8.123367310,0.637894392,54.400001526,0.811039805,0.074466497,0.831956029,0.673511207,0.394385278,Africa,Sub-Saharan Africa
Zambia,2020,4.837992191,8.065783501,0.766871631,54.825000763,0.750422418,0.054444890,0.809749782,0.679042757,0.344525933,Africa,Sub-Saharan Africa
Zambia,2021,3.082154989,8.082337379,0.619071007,55.25,0.832573771,0.138026401,0.824030817,0.655689895,0.348551363,Africa,Sub-Saharan Africa
Zambia,2022,3.728098392,8.101115227,0.717195570,55.674999237,0.888741255,-0.008760426,0.716395557,0.659845650,0.308740646,Africa,Sub-Saharan Africa
Zambia,2023,3.685568094,8.115053177,0.664098680,56.099998474,0.854004443,0.092376716,0.814190567,0.652999461,0.359132260,Africa,Sub-Saharan Africa
Zimbabwe,2006,3.826268435,7.459545135,0.821655512,40.400001526,0.431110412,-0.063465022,0.904756904,0.668662250,0.297146589,Africa,Sub-Saharan Africa
Zimbabwe,2007,3.280246735,7.412636757,0.828113437,41.599998474,0.455957234,-0.069040962,0.946287155,0.588695168,0.264988512,Africa,Sub-Saharan Africa
Zimbabwe,2008,3.174263716,7.210232735,0.843474507,42.799999237,0.343556046,-0.076714717,0.963846326,0.570537865,0.250060171,Africa,Sub-Saharan Africa
Zimbabwe,2009,4.055914402,7.313473701,0.805780947,44,0.411089182,-0.064868979,0.930817783,0.660172701,0.218418732,Africa,Sub-Saharan Africa
Zimbabwe,2010,4.681569576,7.495286465,0.856637836,45.200000763,0.664718211,-0.081170261,0.828360796,0.699366033,0.122149915,Africa,Sub-Saharan Africa
Zimbabwe,2011,4.845641613,7.617357254,0.864693522,46.400001526,0.632977962,-0.076606654,0.829800427,0.699490964,0.210543975,Africa,Sub-Saharan Africa
Zimbabwe,2012,4.955100536,7.745352268,0.896476209,47.599998474,0.469531178,-0.090621524,0.858690500,0.613298178,0.177310780,Africa,Sub-Saharan Africa
Zimbabwe,2013,4.690187931,7.755186558,0.799273849,48.799999237,0.575884283,-0.092784427,0.830936551,0.623596251,0.182287797,Africa,Sub-Saharan Africa
Zimbabwe,2014,4.184450626,7.748008728,0.765838981,50,0.642033815,-0.061624825,0.820217133,0.661306620,0.239110738,Africa,Sub-Saharan Africa
Zimbabwe,2015,3.703191280,7.746680260,0.735800326,51.200000763,0.667193294,-0.110748626,0.810457349,0.639001906,0.178861097,Africa,Sub-Saharan Africa
Zimbabwe,2016,3.735400200,7.734831333,0.768425405,51.674999237,0.732971489,-0.081931815,0.723612010,0.685255527,0.208554924,Africa,Sub-Saharan Africa
Zimbabwe,2017,3.638300180,7.754387379,0.754147053,52.150001526,0.752826095,-0.084104940,0.751208007,0.733641446,0.224051341,Africa,Sub-Saharan Africa
Zimbabwe,2018,3.616479874,7.783066273,0.775388479,52.625,0.762674868,-0.054583777,0.844208658,0.657523572,0.211725846,Africa,Sub-Saharan Africa
Zimbabwe,2019,2.693523169,7.697755337,0.759162307,53.099998474,0.631907582,-0.050874215,0.830651879,0.658433676,0.235354334,Africa,Sub-Saharan Africa
Zimbabwe,2020,3.159802198,7.596050262,0.717242658,53.575000763,0.643302977,0.002848076,0.788522780,0.660658062,0.345736384,Africa,Sub-Saharan Africa
Zimbabwe,2021,3.154578209,7.656878471,0.685150504,54.049999237,0.667636156,-0.079006903,0.756945193,0.609917223,0.241681874,Africa,Sub-Saharan Africa
Zimbabwe,2022,3.296219587,7.670073032,0.666171908,54.525001526,0.651987135,-0.072934970,0.752632082,0.640609264,0.191350296,Africa,Sub-Saharan Africa
Zimbabwe,2023,3.572386265,7.678589821,0.693817437,55,0.734612763,-0.068836704,0.757493675,0.609751821,0.178953364,Africa,Sub-Saharan Africa
